text,pred_label,pred_prob,p_Activity_Notifications,p_Confirmshaming,p_Countdown_Timers,p_High_demand_Messages,p_Limited_time_Messages,p_Low_stock_Messages,p_Not_Dark_Pattern,p_Pressured_Selling,p_Testimonials_of_Uncertain_Origin,p_Trick_Questions
"You may change the items in your order, or cancel the Smartship at anytime, up until 3 days prior to the scheduled ship date of your Smartship by calling Customer Service at 1-800-518-0284.",Countdown Timers,0.48681155,0.021963073,0.052260324,0.48681155,0.05115669,0.064721,0.03493518,0.06609705,0.13565041,0.03713979,0.049264986
 Box Springs & Foundations,Not Dark Pattern,0.5680196,0.059261493,0.044156738,0.03715197,0.037517156,0.026948117,0.029862845,0.5680196,0.08259648,0.05203005,0.062455513
"Products are automatically delivered on your schedule. No obligation, modify or cancel your subscription anytime. ",Not Dark Pattern,0.27932996,0.04287937,0.043794673,0.05609988,0.031142976,0.044881836,0.015302967,0.27932996,0.23314853,0.058766335,0.19465345
Enjoy FREE shipping with WSJwine Advantage,Limited-time Messages,0.30716854,0.031583834,0.0633497,0.21333794,0.059701577,0.30716854,0.035740007,0.115990475,0.08589561,0.054258462,0.032973897
My Account ,Not Dark Pattern,0.6081585,0.029958857,0.045921516,0.033487674,0.035186198,0.008057551,0.02332247,0.6081585,0.031469464,0.08174237,0.10269533
We curate the very best in creative and innovative fashion for the EDM Lifestyle. ,Not Dark Pattern,0.60309,0.016162315,0.012459755,0.008904906,0.019911757,0.006801158,0.004487913,0.60309,0.03390954,0.27875486,0.0155177945
Spring Styles ,Not Dark Pattern,0.7959104,0.012642003,0.01568648,0.012783213,0.034431633,0.019683732,0.008437114,0.7959104,0.027200703,0.05531312,0.017911464
Flash Sale ends in SHOP NOW  ,Limited-time Messages,0.50048757,0.016818142,0.029092716,0.2512539,0.05298253,0.50048757,0.019800892,0.039882038,0.033377737,0.039779745,0.016524693
 Entertainment Centers & TV Stands ,Not Dark Pattern,0.7006193,0.027188757,0.023758644,0.032274637,0.038726754,0.019953769,0.01890818,0.7006193,0.05294616,0.057115663,0.028508145
 Bento Lunch Boxes & Food Containers ,Not Dark Pattern,0.74084914,0.028507335,0.028152695,0.027641732,0.046105184,0.019420959,0.0162316,0.74084914,0.04087021,0.025208874,0.027012315
Soft Flexible (Classic) ,Not Dark Pattern,0.7400785,0.012715975,0.030372774,0.013211003,0.028368179,0.024678648,0.014033048,0.7400785,0.063951366,0.043090988,0.029499471
 Latest looks from Myleene Klass Shop now ,Not Dark Pattern,0.5444925,0.07299924,0.03413488,0.038523603,0.04573464,0.036257185,0.033524804,0.5444925,0.033044294,0.13614623,0.02514259
 Short,Not Dark Pattern,0.4979364,0.02847709,0.03183885,0.0626256,0.0877373,0.020312026,0.12126803,0.4979364,0.024272144,0.07804717,0.04748547
"""No Worry"" Membership Renewal We will bill your credit card on file at the introductory rate of $2.99 per month for the first year, for membership rewards and discounts. At the end of the introductory period, you'll be billed at the regular monthly rate of $3.99 per month. If you don't want your membership renewed, simply contact us and we will cancel your subscription. You will be refunded for the current month's membership fee, less any membership savings you have received. Exclusive Toll-Free Hotline Number Because we want your calls to get top priority, we have a special number for Value Club members only: 1-800-648-4282. Your call will be handled with the utmost promptness, courtesy and efficiency possible.",Pressured Selling,0.24610393,0.03672076,0.18378438,0.07069221,0.036082473,0.10766603,0.025631217,0.08893868,0.24610393,0.05698998,0.14739037
 Active Filters English (United States) English (United States) ‚úò Remove Filter ,Not Dark Pattern,0.5826618,0.03410814,0.02803177,0.01760704,0.03519319,0.01836462,0.043826826,0.5826618,0.0989557,0.02790404,0.11334677
 Fashion Bags ,Not Dark Pattern,0.76293516,0.03501351,0.022637133,0.018897183,0.027553597,0.014479629,0.011241243,0.76293516,0.03789459,0.048171997,0.02117594
 Indoor Festive Lights ,Not Dark Pattern,0.5385879,0.062320143,0.06300215,0.055636697,0.045064885,0.051913016,0.030073622,0.5385879,0.05709098,0.06403357,0.03227692
 Stone Cold Steve Austin ,Not Dark Pattern,0.72712564,0.016227769,0.031609777,0.027784498,0.020502392,0.008756025,0.024313642,0.72712564,0.02944629,0.09513271,0.019101238
 Functional Marketing Cookies,Not Dark Pattern,0.69721365,0.037689734,0.044283487,0.027651716,0.037156757,0.006844923,0.016488258,0.69721365,0.022802385,0.069290966,0.040578097
 Active Filters English English ‚úò Remove Filter ,Not Dark Pattern,0.6492592,0.027527343,0.028938202,0.017484942,0.03881217,0.016247291,0.039974436,0.6492592,0.059758168,0.03588844,0.08610984
 Lighting,Not Dark Pattern,0.8050333,0.017006146,0.02197164,0.025066778,0.027045889,0.013593187,0.011755645,0.8050333,0.026131585,0.035769176,0.016626725
 Send Us Your Jersey ,Not Dark Pattern,0.67188686,0.07421456,0.045145348,0.01101723,0.045781944,0.022266869,0.011841386,0.67188686,0.032768156,0.053632636,0.031445026
 Loyalty Points ,Confirmshaming,0.32930264,0.017827002,0.32930264,0.02247698,0.03273087,0.018048555,0.016851163,0.07510425,0.27229577,0.077789925,0.13757287
"Sabrina in Paraparaumu, New Zealand purchased a SCHO-KA-KOLA Schokakola energy Chocolate caffeine snack food MRE caffeinated ",Activity Notifications,0.75174487,0.75174487,0.018131906,0.023159826,0.024867628,0.013328636,0.014767546,0.0682738,0.018640399,0.033105507,0.033980016
 Personalised Chocolates ,Not Dark Pattern,0.60736907,0.034890063,0.057660956,0.042011958,0.045316827,0.015870731,0.019526621,0.60736907,0.066055425,0.059541617,0.051756695
Whoops! ,Not Dark Pattern,0.27671212,0.0796028,0.072859965,0.06313383,0.05954872,0.051564645,0.18027276,0.27671212,0.066631116,0.09318794,0.05648606
 Data Processor Privacy Policy: https://cookieinformation.com/cookie-and-privacy-policy ,Not Dark Pattern,0.7417527,0.029808296,0.030083306,0.029674081,0.03107395,0.0062484355,0.01402145,0.7417527,0.022002498,0.059782997,0.035552282
OFFER ENDS: 09h: 09m: 55s: 0 ,Countdown Timers,0.76061326,0.009265577,0.022056503,0.76061326,0.034385145,0.04436306,0.0278555,0.029793102,0.01523673,0.015960783,0.04047036
 Subscribe! Don‚Äôt be caught empty handed ,Not Dark Pattern,0.7672967,0.013630145,0.02121969,0.016781881,0.019457126,0.011947647,0.013842194,0.7672967,0.07000224,0.033291202,0.03253128
Purchase protection added,Trick Questions,0.41950372,0.009213446,0.037513215,0.029987447,0.03522752,0.0070811375,0.0061327387,0.03964589,0.40477014,0.010924813,0.41950372
 VIP Points! ,Pressured Selling,0.28285202,0.043841172,0.107035056,0.09756215,0.053108484,0.05482828,0.037818175,0.07590802,0.28285202,0.06835499,0.17869161
 Mixed Wine Cases ,Not Dark Pattern,0.4087723,0.099231154,0.060588326,0.05494891,0.08075282,0.022488983,0.052430067,0.4087723,0.099982604,0.06263496,0.05816997
 cm in ,Limited-time Messages,0.20024002,0.17636459,0.102445014,0.066396676,0.08254718,0.20024002,0.1308268,0.071570285,0.034845553,0.06476768,0.0699962
 dFresh - Fresh Products ,Not Dark Pattern,0.41669974,0.038554482,0.043064326,0.099733934,0.07623724,0.07051311,0.020778215,0.41669974,0.121708535,0.06049796,0.052212425
 ‚Ç™ ILS ,Not Dark Pattern,0.74345094,0.023399483,0.032734238,0.039580792,0.025823943,0.013424299,0.024089074,0.74345094,0.034436878,0.04649555,0.016564788
 Best-Selling Products ,Testimonials of Uncertain Origin,0.49148092,0.0614625,0.010328093,0.009058522,0.035082668,0.0133757675,0.0075695445,0.23789275,0.11485449,0.49148092,0.01889482
 shop all ,Not Dark Pattern,0.8067156,0.013890816,0.02337753,0.008494814,0.023414524,0.014319339,0.0062565603,0.8067156,0.0534469,0.03598935,0.014094509
 Products ,Not Dark Pattern,0.79752207,0.022482123,0.01615878,0.013442401,0.0211792,0.008592887,0.010061299,0.79752207,0.057150435,0.037216038,0.016194738
 EVO SP All EVO SP parts and accessories ,Not Dark Pattern,0.7379494,0.01906618,0.032403234,0.025494408,0.033120885,0.015008473,0.017654534,0.7379494,0.07868354,0.020842353,0.01977696
 help@postergully.com,Not Dark Pattern,0.6804722,0.073888265,0.02696848,0.031851355,0.03404043,0.01431144,0.017473517,0.6804722,0.021943063,0.032398563,0.06665276
 Naked Wolfe ,Not Dark Pattern,0.83700114,0.0047647743,0.02318872,0.018288167,0.03179055,0.010849071,0.010465953,0.83700114,0.024250034,0.027463937,0.011937678
 Salt Bender Tank and Shorts Combo ,Not Dark Pattern,0.72777283,0.011803751,0.03598453,0.03368096,0.042507198,0.019650511,0.018797336,0.72777283,0.050950974,0.03899927,0.019852594
 Apple iPhone X ¬ª ,Not Dark Pattern,0.72773445,0.03033592,0.026396563,0.024043635,0.033517495,0.014866353,0.018524189,0.72773445,0.046514854,0.037423044,0.040643435
You can either livechat or email our support team with any questions or concerns. We are always ready to help. ,Not Dark Pattern,0.68651456,0.045162205,0.028487954,0.029197052,0.037932083,0.023941709,0.019066138,0.68651456,0.049074985,0.022961909,0.057661448
 I love this phone case! üòç #phonecase #hiraeth #appleiphone #apple #rosegold #loveit ,Activity Notifications,0.36677814,0.36677814,0.027831592,0.026803913,0.06142098,0.032497957,0.02251022,0.27385336,0.060702235,0.046971846,0.08062985
 Articles: Medical Matters ,Not Dark Pattern,0.8906795,0.004303222,0.01396995,0.0076723173,0.02451235,0.004051316,0.008627836,0.8906795,0.009666703,0.024699284,0.011817535
" Paper, Pads & Blocks Toggle category Paper, Pads & Blocks ",Not Dark Pattern,0.8072979,0.012071188,0.025853906,0.016062861,0.02667094,0.014620903,0.013829604,0.8072979,0.028867694,0.03540899,0.019316064
 MIN Twins ,Low-stock Messages,0.34455907,0.078175105,0.054149937,0.05416945,0.12236382,0.04268968,0.34455907,0.11851724,0.044509288,0.075508535,0.06535772
 Menthol Flavors ,Not Dark Pattern,0.6252625,0.062364608,0.05291617,0.028439905,0.051921267,0.0242351,0.022062501,0.6252625,0.038038656,0.059174616,0.035584692
" Synthetic nicotine | Strawberry, kiwi & pomegranate ",Not Dark Pattern,0.46885583,0.22984873,0.04217738,0.03405793,0.057360522,0.022593053,0.02823264,0.46885583,0.030136779,0.034197487,0.052539703
Brand Directory ,Not Dark Pattern,0.8028591,0.015373357,0.017898446,0.00874076,0.014471392,0.007542595,0.011495096,0.8028591,0.037592385,0.072267,0.01175978
 Cases for Magsafe Refine by Product Type: Cases for Magsafe ,Not Dark Pattern,0.7247992,0.016869878,0.029061295,0.023899619,0.029777685,0.010384754,0.017098982,0.7247992,0.082254045,0.028089795,0.03776467
 Summer Casual Printed Short Sleeve T-Shirt ,Not Dark Pattern,0.74479675,0.023242736,0.029872445,0.025739301,0.029562674,0.028102426,0.02243828,0.74479675,0.023364065,0.049633432,0.023247927
 newsletter signup (privacy policy) ,Not Dark Pattern,0.37900227,0.04205962,0.04059208,0.020180868,0.020710984,0.013751628,0.018298177,0.37900227,0.076322906,0.06375565,0.32532588
 Please try again ,Trick Questions,0.46059325,0.04011702,0.07654565,0.035126843,0.052619852,0.024273548,0.045362163,0.15421623,0.06987776,0.041267727,0.46059325
 Don't leave without taking discount ,Confirmshaming,0.24813023,0.00906284,0.24813023,0.16306266,0.111407846,0.08677531,0.021778291,0.0928236,0.093515895,0.081780225,0.09166318
We may also disclose your information to third parties who may contact you with details of other products and services which may be of interest. If you do not want your name and mailing details made available in this way please email opt-out@nextdirect.com,Not Dark Pattern,0.42793378,0.054158926,0.045815844,0.02581449,0.03825684,0.010997855,0.025669476,0.42793378,0.037838638,0.06941393,0.26410013
"For instance, we use cookies allowing us to remember information provided by the users from a page to another, choices made by users and information provided by users (name, language preference, country of residence‚Ä¶). In particular, we use the following functional cookies: ",Not Dark Pattern,0.72250074,0.029935386,0.038078196,0.021730807,0.033271573,0.0056916266,0.017331528,0.72250074,0.019080624,0.076615036,0.035764504
"Want more inspiration and styling tips? Dive into The Southern Edit, Southern Tide‚Äôs lifestyle blog, and follow us on social media. ",Not Dark Pattern,0.7241977,0.020464195,0.02732576,0.020507019,0.025300393,0.013553136,0.011878714,0.7241977,0.03937226,0.08857619,0.028824648
 Temple Locks ,Not Dark Pattern,0.74456924,0.018449806,0.027867762,0.016624553,0.044062108,0.015598336,0.01730489,0.74456924,0.02853199,0.061766766,0.02522454
 Subscribe To Us Subscribe ,Not Dark Pattern,0.6688434,0.019680234,0.02572081,0.02057442,0.018882116,0.017078903,0.014120107,0.6688434,0.123665325,0.037961088,0.05347357
 Microsoft Xbox One S Wireless Controller ¬ª ,Not Dark Pattern,0.83309394,0.008586821,0.023101581,0.020352572,0.025530796,0.012045032,0.016071528,0.83309394,0.019190775,0.019600818,0.022426087
 E-Gift Cards ,Not Dark Pattern,0.74016935,0.015184598,0.044847474,0.023590524,0.035595495,0.012388838,0.010867371,0.74016935,0.042655427,0.045780815,0.028920097
 Data Processor Privacy Policy: https://casalemedia.com/ ,Not Dark Pattern,0.76779073,0.028314376,0.022619946,0.030281594,0.0310193,0.0065734806,0.01158822,0.76779073,0.023984687,0.049590286,0.028237464
 Brand case & cloth included ,Not Dark Pattern,0.53598124,0.032540876,0.051076833,0.037592296,0.040735513,0.027857713,0.028091893,0.53598124,0.14030266,0.044230275,0.06159073
"1 Netflix offer: Not available to customers with an active Netflix offer from Vodafone. Available only on Red+ Lite, Unlimited, Red+ Essentials and Red+ until the 8th of August 2019. Exit fee of $60 applies if you exit or transfer your plan before 6 months. Plan exit fees may also apply. Netflix Offer: One year Netflix ‚ÄòStandard‚Äô plan ($14.99 a month) credit will be applied to your Netflix account on activation. At the end of your credit, you will be charged at your Netflix plan rate unless you cancel your Netflix subscription. Cancel Netflix at any time. Netflix compatible device required. See eligible plans and full Netflix terms.",Pressured Selling,0.3580106,0.03527211,0.057648912,0.05910326,0.040354095,0.14311573,0.016000325,0.16391338,0.3580106,0.06326401,0.06331752
 Food ,Not Dark Pattern,0.8429107,0.012018087,0.016912231,0.019888889,0.028429294,0.0052870032,0.013207919,0.8429107,0.012004571,0.033438,0.01590323
"Be part of the best family ever & enjoy 15% in VIP Benefits on every order, every day. That's 10% Instant Savings plus 5% back in Rewards Cash on everything. Plus, enjoy 90 days to test run your shoes, socks, and insoles. And so much more! Join today for just $1.99 your first year.  ",Pressured Selling,0.27370644,0.026999108,0.09477087,0.13253,0.07784881,0.13890228,0.013904355,0.11711044,0.27370644,0.07515371,0.04907396
I agree to receive marketing emails from Natural Life and agree to our Privacy Policy and terms of use.,Not Dark Pattern,0.463875,0.048769705,0.04489069,0.02912341,0.038523216,0.009874471,0.016650485,0.463875,0.04915719,0.059423648,0.23971206
Men's Accessories ,Not Dark Pattern,0.7184263,0.029774208,0.027729377,0.022253064,0.03592343,0.021353805,0.017034423,0.7184263,0.059593152,0.045001,0.022911338
 Alchemy Books ,Not Dark Pattern,0.7543777,0.018688457,0.038517352,0.018869588,0.03234296,0.01771553,0.021593072,0.7543777,0.031288855,0.04201433,0.024592118
 Baby & Toddler Toys ,Not Dark Pattern,0.734977,0.024010018,0.041938044,0.027184375,0.04663425,0.018290967,0.017163375,0.734977,0.041257862,0.027961222,0.02058283
 Lawn Mowers ,Not Dark Pattern,0.7734329,0.015224006,0.019945664,0.023093348,0.033182245,0.013257953,0.022427063,0.7734329,0.03345532,0.041675076,0.024306381
 Sign In With Google ,Not Dark Pattern,0.5850504,0.017675957,0.036085904,0.018857023,0.018940154,0.0077377777,0.01656843,0.5850504,0.028804867,0.032497708,0.23778172
Brand ,Not Dark Pattern,0.7740845,0.014896321,0.021348177,0.012646233,0.013507395,0.008062922,0.013137766,0.7740845,0.038503036,0.08977709,0.01403661
Diamond Nose Studs ,Not Dark Pattern,0.7120363,0.028656496,0.046988916,0.020247908,0.04837254,0.016502643,0.01820517,0.7120363,0.035790734,0.044424765,0.028774574
 Data Processor Privacy Policy: https://videoly.co/privacy-policy ,Not Dark Pattern,0.77025837,0.026775252,0.024857268,0.032986395,0.030360099,0.006953546,0.011429319,0.77025837,0.026212275,0.04550392,0.024663571
SUPPORT THE AMERICAN SUPRESSOR ASSOCIATION,Not Dark Pattern,0.7800825,0.01869563,0.02823458,0.020789586,0.035848893,0.008988058,0.013184767,0.7800825,0.02165995,0.05542137,0.017094648
"You may cancel your Minted More membership at any time by contacting Minted Customer Service at www.minted.com/help. If you cancel your membership before your Minted More gift box has shipped, we will refund your full membership fee; provided that we may charge you (or withhold from your refund) the value of Minted More discount benefits used by you and your account prior to cancellation. If you cancel at any other time, your membership fee is non-refundable.",Trick Questions,0.35867006,0.018660683,0.1328191,0.03369016,0.05963167,0.04506586,0.024028834,0.07391927,0.2132342,0.040280193,0.35867006
Set SALE Into¬†Summer ,Limited-time Messages,0.69818753,0.008414873,0.020250544,0.048177317,0.07339644,0.69818753,0.0078385025,0.079719506,0.023795156,0.02253708,0.017683055
 Midleton Very Rare ,Low-stock Messages,0.4100957,0.10102113,0.040782616,0.029409068,0.13431616,0.060549095,0.4100957,0.07214746,0.036211584,0.06681742,0.048649747
 Also notify me about New Arrivals! ,Not Dark Pattern,0.73840564,0.03490583,0.017525345,0.016357804,0.026903331,0.014182721,0.01525084,0.73840564,0.042239163,0.05725699,0.036972307
 V&A Collection People Tree‚Äôs collaboration with the Victoria and Albert Museum offers a stylish and contemporary capsule collection which celebrates the beauty and variety of pattern which the London museum is renowned for. ,Not Dark Pattern,0.5805677,0.115755,0.035606317,0.037096795,0.044749524,0.029295849,0.022925843,0.5805677,0.042681314,0.057974886,0.03334678
 TV & Home Appliances ,Not Dark Pattern,0.71707076,0.021664334,0.024936846,0.02457029,0.02779829,0.016159054,0.015131498,0.71707076,0.0784325,0.046181925,0.028054448
 Amethyst Beads ,Not Dark Pattern,0.7538867,0.04986616,0.034467373,0.020638723,0.031293944,0.017449291,0.024570301,0.7538867,0.017064849,0.030523311,0.020239342
 View All Home Office Furniture ,Not Dark Pattern,0.6770104,0.043080293,0.03968737,0.02675725,0.027837496,0.021673394,0.024753444,0.6770104,0.05044134,0.06315847,0.025600519
 Wife ,Not Dark Pattern,0.7937044,0.013910955,0.024400996,0.020484213,0.02242376,0.0068358583,0.013541604,0.7937044,0.028066305,0.05507623,0.02155566
"I‚Äôve read and accept the terms & conditions * , I also authorize Bosley to contact me by phone or text utilizing automated dialing equipment, as well as by email or mail with information about appointments, products, services, news or promotions. I also agree to Bosley's Terms of Service. Otherwise, call Bosley at 800-985-6405 to request your FREE information kit or to schedule your FREE no-obligation consultation.",Not Dark Pattern,0.55502874,0.04638653,0.0599479,0.04422808,0.044181805,0.02548544,0.024423836,0.55502874,0.076728895,0.04326485,0.08032393
" ... It covers love and loss, friendship and pain through ",Not Dark Pattern,0.7203949,0.014166972,0.035614748,0.015059188,0.029463274,0.008826757,0.0145876035,0.7203949,0.032181878,0.10489563,0.024809012
 sales@scandinavianoutdoor.com ,Activity Notifications,0.4676628,0.4676628,0.023303675,0.028026486,0.04484752,0.019569978,0.019424884,0.24332868,0.031481933,0.047445334,0.07490876
 Customer Support ,Not Dark Pattern,0.7522404,0.02673769,0.017804578,0.03188872,0.0332167,0.0069534048,0.012422009,0.7522404,0.028828325,0.0724437,0.017464524
 Cable Winders ,Not Dark Pattern,0.7719539,0.012443925,0.021159757,0.016541177,0.03184477,0.015731616,0.021012226,0.7719539,0.032669324,0.04962157,0.027021857
Readers looking for some old-fashioned storytelling with a sprinkling of magic will find it here. ,Not Dark Pattern,0.69330263,0.021621047,0.039788567,0.02191901,0.037059188,0.010641671,0.02258846,0.69330263,0.027779697,0.093238465,0.032061312
 Candy & Snacks ,Not Dark Pattern,0.8296364,0.011570137,0.01978114,0.020523077,0.035410613,0.006361874,0.014225359,0.8296364,0.017434891,0.026779475,0.01827704
 VUSE Alto Menthol Pods ,Not Dark Pattern,0.7207029,0.036153514,0.03478798,0.027110629,0.03747919,0.016341235,0.018817132,0.7207029,0.041043513,0.045249175,0.022314765
" This site uses cookies to provide and improve your shopping experience. If you want to benefit from this improved service, please opt-in. ",Not Dark Pattern,0.56935436,0.043341063,0.059032515,0.023196183,0.0299223,0.008911004,0.019217886,0.56935436,0.044030324,0.056843676,0.14615068
 Shop By Shape ,Not Dark Pattern,0.83939767,0.015968822,0.022601876,0.007975402,0.017958235,0.014648153,0.0067503573,0.83939767,0.028193844,0.03362727,0.012878332
 Buy Tablets ,Not Dark Pattern,0.5523219,0.038180172,0.037220128,0.029326985,0.04889464,0.050146885,0.02439661,0.5523219,0.115620725,0.06625009,0.037641793
 Data Processor: Amobee ,Not Dark Pattern,0.7531299,0.017738735,0.023934579,0.022925958,0.030281471,0.0069096447,0.013267175,0.7531299,0.03292436,0.0746584,0.02422981
 Gift Cards Collection ,Not Dark Pattern,0.6754127,0.029981848,0.051937576,0.031132568,0.040933993,0.016759587,0.015788998,0.6754127,0.05145871,0.054434717,0.032159273
"When you join the PetPlus Plan, you are given the option to purchase your membership on an annual or monthly basis and you are automatically enrolled in our recurring billing program. You may cancel at any time by contacting our customer service team, but you will not be refunded for any unused days on your membership if you choose to cancel prior to the end of your billing cycle. You may cancel your PetPlus membership at any time without penalty if you have not utilized any of your PetPlus benefits (including discounts on products and/or services). For customers charged on a monthly basis, if you have purchased products or used services using your PetPlus benefits, we will charge a $25 administrative fee per membership cancellation if the membership is cancelled within three months of enrollment.",Pressured Selling,0.25805637,0.043755233,0.09337898,0.06318542,0.0453834,0.081651144,0.023513958,0.1558982,0.25805637,0.043797594,0.19137965
 For Wife ,Not Dark Pattern,0.77169925,0.013822649,0.03143938,0.020208938,0.029589048,0.012210742,0.009531136,0.77169925,0.048582688,0.04258437,0.02033174
¬†Join NRA or Renew,Not Dark Pattern,0.71425223,0.021124221,0.037183046,0.02995304,0.04006504,0.023555381,0.013985649,0.71425223,0.052968025,0.032050487,0.034862947
 Ireland EUR,Not Dark Pattern,0.3507865,0.2138599,0.05485298,0.051645037,0.05990805,0.050098006,0.030046958,0.3507865,0.06675061,0.070057675,0.051994305
 Tony Bianco ,Not Dark Pattern,0.76777714,0.015598613,0.029930692,0.019023132,0.020900765,0.007058014,0.019623823,0.76777714,0.024642019,0.07999252,0.015453265
 Contact Lens Washer ,Not Dark Pattern,0.67327005,0.030836493,0.03071598,0.028034177,0.034100495,0.027554035,0.025948085,0.67327005,0.07018345,0.029618075,0.04973913
 EDC-V Megalodon Bottle Opener - Brass (Exclusive),Not Dark Pattern,0.32766265,0.10562587,0.11676218,0.038733482,0.08886042,0.06850074,0.0345247,0.32766265,0.07964056,0.05622307,0.08346635
 Hairy Chest T-Shirt And Shorts Combo ,Not Dark Pattern,0.72475606,0.017854886,0.033490606,0.03045205,0.040532265,0.027402783,0.01979519,0.72475606,0.037248086,0.047482125,0.020985916
Your order is reserved for 09:14 minutes! ,Countdown Timers,0.9559476,0.0022168758,0.0040561603,0.9559476,0.009086951,0.0058742263,0.008604903,0.00502621,0.0038177066,0.003966775,0.0014026127
 Landofcoder can power almost ANY marketplace you think of,Not Dark Pattern,0.6252726,0.048530452,0.019457428,0.03886198,0.029325226,0.022223866,0.012482645,0.6252726,0.09256166,0.08709882,0.024185369
Printed ,Low-stock Messages,0.35745782,0.0472927,0.07290119,0.03390348,0.08646764,0.07746749,0.35745782,0.13203883,0.026893873,0.09219316,0.073383845
 LOGO BLACK ,Not Dark Pattern,0.8268376,0.016312096,0.018325692,0.018863512,0.03535826,0.015430257,0.015317721,0.8268376,0.019498736,0.018953951,0.015102183
 Champagne Taittinger ,Not Dark Pattern,0.81122714,0.009661981,0.021481598,0.01374016,0.029731773,0.006172117,0.011886701,0.81122714,0.03022164,0.052505128,0.013371724
Sports ,Not Dark Pattern,0.826789,0.0085787065,0.01440343,0.013314042,0.025448909,0.010634734,0.012338038,0.826789,0.01441991,0.059895854,0.014177293
 Brass Shankh ,Not Dark Pattern,0.71848565,0.030643744,0.05304411,0.017640283,0.05133582,0.01913064,0.018056776,0.71848565,0.026083903,0.03830215,0.027276939
 Low Price Guarantee ,Not Dark Pattern,0.41755176,0.017116077,0.07432751,0.12847982,0.09375758,0.06964291,0.017505096,0.41755176,0.08319631,0.07954022,0.018882742
Rate & Review ,Not Dark Pattern,0.49209595,0.02724501,0.022663277,0.017059563,0.027982831,0.005501094,0.012780855,0.49209595,0.033166472,0.34343532,0.018069675
 Jumpers + Sweaters ,Not Dark Pattern,0.7760375,0.010667148,0.021833304,0.015446916,0.034208123,0.01719505,0.018814864,0.7760375,0.04133138,0.039910175,0.024555473
" to resolve the issue, or ",Not Dark Pattern,0.57688475,0.020383332,0.038377043,0.062934004,0.07024827,0.018700302,0.029463742,0.57688475,0.07941298,0.03470737,0.068888165
 Rechargeable ,Not Dark Pattern,0.7409462,0.011260565,0.028537923,0.027113657,0.030038483,0.012290504,0.014077479,0.7409462,0.06271431,0.05086811,0.022152785
I accept the Terms & Conditions of the FREE Brother Care Program and agree to receive exclusive offers and general promotions from Brother. I may withdraw my consent at any time.,Not Dark Pattern,0.50105596,0.03951421,0.055855624,0.05731493,0.05358836,0.03296113,0.014974538,0.50105596,0.07778303,0.041304015,0.12564816
 BACK TO TOP ,Not Dark Pattern,0.6907537,0.012147408,0.028764514,0.018881345,0.042150293,0.00967071,0.018853065,0.6907537,0.025986407,0.07032721,0.08246536
 Highlight Hover ,Not Dark Pattern,0.5902744,0.025831826,0.048072185,0.042089067,0.045446306,0.018814586,0.026022837,0.5902744,0.072016634,0.082866296,0.0485659
 Redirecting to Futech Deals for secure checkout... ,Not Dark Pattern,0.48953202,0.029945353,0.04660497,0.030777398,0.028959554,0.021075573,0.01903638,0.48953202,0.095338665,0.06597846,0.17275165
 By Doug,Not Dark Pattern,0.6955591,0.025173904,0.03895572,0.036919713,0.045225296,0.013283865,0.01894267,0.6955591,0.022137335,0.08233755,0.021464888
 A-Z Luxury Brands ,Not Dark Pattern,0.7656622,0.018478485,0.020141916,0.010459249,0.016532673,0.0100857215,0.013093283,0.7656622,0.047794927,0.084488235,0.013263324
Hugs and Kisses Rose Bouquet $44.99 Discount -$6.75 Delivery $13.99 Tax $3.46 Item Total $55.69,Not Dark Pattern,0.18332988,0.111133456,0.10877129,0.10102666,0.050337996,0.12045825,0.040055703,0.18332988,0.10888066,0.06726844,0.108737595
Devices ,Not Dark Pattern,0.82562095,0.013265267,0.016521959,0.0118758585,0.020628735,0.009710182,0.0104608815,0.82562095,0.04470583,0.030612107,0.016598254
"By clicking ‚ÄúAccept All Cookies‚Äù, you agree to the storing of cookies on your device to enhance site navigation, analyze site usage, and assist in our marketing efforts. ",Not Dark Pattern,0.5458426,0.03187727,0.056635935,0.019607894,0.029564375,0.0085332,0.023771275,0.5458426,0.032627165,0.051993396,0.19954696
" well, this is awkward. ",Not Dark Pattern,0.47099906,0.101347715,0.06887615,0.054112203,0.056328148,0.017223056,0.024833508,0.47099906,0.045038383,0.106179714,0.05506211
 View All Parts ,Not Dark Pattern,0.8162142,0.01569024,0.023880832,0.013848196,0.027791962,0.012009109,0.01626577,0.8162142,0.015222557,0.042399593,0.01667761
 Motocross Gloves ,Not Dark Pattern,0.7062284,0.023340745,0.026093414,0.03215454,0.02925032,0.015287507,0.027642587,0.7062284,0.055858284,0.043087225,0.041057065
"We are one of the best online printing technology & solution company successfully serving local and international customers to cherish the joy, love and precious moments in life with various products. Being an instrument to spread your joy and love in a beautiful way we take pride in providing the best quality services. ",Not Dark Pattern,0.7315298,0.03396863,0.014064029,0.012658736,0.023932468,0.009007495,0.006475959,0.7315298,0.019399634,0.12778117,0.021182049
 Italy ‚Ç¨ EUR ,Not Dark Pattern,0.386834,0.13116416,0.059087597,0.04464318,0.055335168,0.059609164,0.029445004,0.386834,0.11001027,0.07136315,0.052508354
 Ôòí ,Not Dark Pattern,0.27201974,0.017125836,0.05737539,0.07432166,0.07015265,0.12695374,0.030476507,0.27201974,0.09421392,0.2196666,0.03769394
 Please click ,Not Dark Pattern,0.29203117,0.07049138,0.09686203,0.047682088,0.04786559,0.030778568,0.036528483,0.29203117,0.16328205,0.05846017,0.15601847
 Shop All NFL ,Not Dark Pattern,0.7655839,0.024881845,0.034975536,0.015004851,0.031235423,0.027396688,0.010899258,0.7655839,0.041409012,0.036043927,0.012569663
 Football Boots ,Not Dark Pattern,0.71092755,0.019751556,0.031054473,0.029465897,0.023306303,0.012334373,0.029168535,0.71092755,0.040540993,0.079400375,0.024049984
Read More ,Not Dark Pattern,0.7805545,0.023969987,0.025040565,0.01993725,0.027643312,0.007633839,0.016514212,0.7805545,0.018801829,0.05039046,0.029514097
Lasers ,Not Dark Pattern,0.8005735,0.014048552,0.022063704,0.015040581,0.022807494,0.015908388,0.010252481,0.8005735,0.040613994,0.041874398,0.016816802
 Use a clean vase and clean water.,Not Dark Pattern,0.7307808,0.020914823,0.038275167,0.023221798,0.035932,0.018659579,0.021024458,0.7307808,0.0600286,0.020690234,0.030472524
 Price Low To High ,High-demand Messages,0.4246288,0.021574482,0.042217933,0.15680444,0.4246288,0.10100309,0.065691724,0.07373978,0.03343197,0.051997587,0.028910238
 SHIPPING INFO ,Not Dark Pattern,0.37537047,0.09736673,0.051987667,0.07759894,0.059554644,0.11557959,0.038604535,0.37537047,0.07129914,0.057972748,0.05466565
 We value your privacy We use cookies to improve your website experience. We also use third-party cookies for marketing purposes. Learn more. ,Not Dark Pattern,0.6237116,0.04701434,0.049383495,0.023382386,0.029715983,0.0070539857,0.023766484,0.6237116,0.028042119,0.07329735,0.09463234
"Ketolent subscriptions have no long term contracts. Pause, cancel, or change at any time. Want to swap Vanilla for Chocolate, or set up to renew every 3 weeks? No problem! Send us an email to help@ketolent.com and we'll make the change for you.",Trick Questions,0.3908576,0.026117502,0.06376146,0.030038938,0.04734901,0.064783685,0.023588045,0.07913229,0.23564874,0.038722757,0.3908576
 Military Discount ,Limited-time Messages,0.5242899,0.008647006,0.05779413,0.15298368,0.08454025,0.5242899,0.018777726,0.02910793,0.08447884,0.022277698,0.01710281
 #CERTIFIED_FACE_MASKS ,Not Dark Pattern,0.59359556,0.034260266,0.03566767,0.038694713,0.02970582,0.016848022,0.020646565,0.59359556,0.11102712,0.039229322,0.08032494
 Sold out ,Low-stock Messages,0.7982222,0.013077684,0.024875337,0.013752815,0.030602666,0.023137856,0.7982222,0.018794939,0.007854393,0.045903467,0.023778683
 You can change your preference here Shop for Select an age ,Not Dark Pattern,0.6403256,0.015714722,0.054038104,0.01531374,0.03911163,0.0076516983,0.014987672,0.6403256,0.09932429,0.031337477,0.08219505
" This product can expose you to chemicals including Hexavalent which is known to the State of California to cause cancer on birth defects or other reproductive harm. For more information, visit ",Not Dark Pattern,0.57532483,0.09609147,0.06095366,0.041062415,0.054486245,0.021960752,0.019774076,0.57532483,0.04079773,0.04137668,0.048172127
"We will also send you an additional email confirming your renewal. Should you elect not to renew your Membership, you may cancel at any time prior to the renewal by emailing us at passportmembership@1800flowers.com and your credit/debit card on file with us will not be charged. A confirmation email will be sent to you. If you email to cancel after your Membership has been renewed, your credit/debit card will have been charged the then current paid annual membership fee for the Passport Program, however you may request, and 1-800-Flowers may grant, a pro-rata refund within its sole discretion based upon the extent that you may have utilized the benefits of the Passport Program and the period of time remaining on your paid Membership.",Trick Questions,0.35235325,0.029129209,0.08426033,0.053384457,0.04997154,0.11539241,0.035412055,0.1189724,0.12349903,0.037625335,0.35235325
"If you wish to cancel your subscription, you can email us at getflat@flattummyco.com",Trick Questions,0.39136425,0.046420757,0.07029788,0.031941626,0.042765845,0.05716284,0.026495332,0.13596103,0.15278302,0.044807486,0.39136425
 Remove Product? ,Not Dark Pattern,0.21144238,0.036177445,0.07394738,0.06039661,0.13916625,0.026007993,0.17671648,0.21144238,0.09308091,0.06438236,0.11868214
" Born for adventures across land, desert, and ice. Cruise over Tarmac-free roads or adapt it to be your 'do anything' commuter. ",Not Dark Pattern,0.6931859,0.010815197,0.019834083,0.01826933,0.02771645,0.013853422,0.0074874177,0.6931859,0.11461967,0.065662764,0.028555783
"When you visit any website, it may store or retrieve information on your browser, mostly in the form of cookies. This information might be about you, your preferences or your device and is mostly used to make the site work as you expect it to. The information does not usually directly identify you, but it can give you a more personalized web experience. Because we respect your right to privacy, you can choose not to allow some types of cookies. Click on the different category headings to find out more and change our default settings. However, blocking some types of cookies may impact your experience of the site and the services we are able to offer. ",Not Dark Pattern,0.6211776,0.036079433,0.05183072,0.021194035,0.028252272,0.007443124,0.02594868,0.6211776,0.025538795,0.066928774,0.11560658
 Colored Contact Lenses ,Not Dark Pattern,0.71389264,0.072357826,0.022479888,0.019182952,0.023087438,0.019048031,0.024096915,0.71389264,0.032393992,0.04456205,0.028898343
 Base Layer & Thermals ,Not Dark Pattern,0.6133966,0.035247494,0.031324778,0.027222533,0.06278835,0.022161253,0.013931295,0.6133966,0.10602525,0.034360077,0.05354236
"You may cancel or renew your membership to the VIP Program or find out more information about your VIP Program subscription, including your annual expiration date, by contacting support@grove.co.",Trick Questions,0.32775867,0.031069588,0.07655311,0.043015487,0.04139117,0.069518305,0.03217382,0.07655624,0.24408251,0.05788112,0.32775867
 Read the FAQ ,Not Dark Pattern,0.8560779,0.011766739,0.016262662,0.013152195,0.024043439,0.005777385,0.0073223943,0.8560779,0.008578918,0.03857536,0.018442955
"Members may cancel their Membership at any time during their Membership term and receive a full refund, less any benefits/savings received in their current Membership term (for example, Buyer‚Äôs Club Discounts received or free shipping). Refunds for completed years completed will not be made, even if the Member did not use any of the benefits during the Membership term. To cancel your membership, please contact our customer service department by contacting us at 1-800-375-3006.",Trick Questions,0.3371292,0.029313471,0.13392287,0.040070243,0.04854465,0.043960776,0.031329356,0.10803547,0.17342107,0.05427284,0.3371292
 Sports Bras ,Not Dark Pattern,0.72466725,0.022372054,0.029966865,0.029936172,0.038624994,0.01466553,0.02266015,0.72466725,0.035720587,0.0471807,0.03420574
Hurry up! Sales Ends in DAYS HRS MINS SECS by Beeketing ,Countdown Timers,0.71731114,0.009900644,0.024915991,0.71731114,0.039645154,0.11467175,0.017887386,0.031060467,0.01334335,0.020369574,0.010894589
 How to Recycle ,Not Dark Pattern,0.82516116,0.0068144775,0.018346036,0.017794767,0.057128314,0.009598981,0.009213879,0.82516116,0.021434706,0.013232863,0.021274818
 JOINT Oil ,Not Dark Pattern,0.71569544,0.03242012,0.03497114,0.03079817,0.04654064,0.014291903,0.018272586,0.71569544,0.050090905,0.025614858,0.031304277
 View all Ink categories ,Not Dark Pattern,0.8147714,0.017087037,0.026167447,0.014229271,0.025452198,0.01724982,0.013258061,0.8147714,0.020776292,0.037624888,0.013383503
 Dry Direct Incontinence Personal Care Daily Living Safety Bedroom Nutrition Mobility Lift Aids Medical Supplies Plus Size ,Not Dark Pattern,0.7354203,0.018158823,0.021598043,0.02966587,0.029070351,0.01460684,0.016743787,0.7354203,0.06525563,0.04452506,0.02495532
 PopTop Refine by Product Type: PopTop ,Not Dark Pattern,0.75171846,0.015753876,0.031728603,0.024666369,0.033873446,0.011816834,0.01590985,0.75171846,0.039818842,0.03781005,0.036903735
 Light powerful. ,Not Dark Pattern,0.7773823,0.014747052,0.025532423,0.019376932,0.032625724,0.01413555,0.009890605,0.7773823,0.035235547,0.05160487,0.019468982
 Supply & Demand ,High-demand Messages,0.65675545,0.022854827,0.012251329,0.01772548,0.65675545,0.0047507333,0.011482048,0.16680862,0.050340865,0.03633312,0.02069753
 Nursery ,Not Dark Pattern,0.81528795,0.01646963,0.021102415,0.023032652,0.03731041,0.007399546,0.009295345,0.81528795,0.024707284,0.024155088,0.021239623
"NO, THANKS. I DON'T LIKE DISCOUNTS ",Confirmshaming,0.9043279,0.003107735,0.9043279,0.008712102,0.011490866,0.010187894,0.010063157,0.011023722,0.008316278,0.011156601,0.021613667
 Menstrual Products ,Not Dark Pattern,0.74050516,0.025283229,0.034808505,0.02408704,0.041451555,0.017219951,0.019013982,0.74050516,0.04150255,0.03330638,0.022821669
 Tires,Not Dark Pattern,0.80021137,0.013425949,0.02020487,0.022514671,0.027049767,0.010342259,0.026471524,0.80021137,0.029126655,0.031782478,0.018870454
 ‚â° Filter Reviews Clicking on the following button will update the content below ,Not Dark Pattern,0.79319286,0.014910109,0.028290726,0.012122969,0.0186399,0.008675942,0.019340292,0.79319286,0.026905924,0.05929325,0.018628003
 Boardshorts,Not Dark Pattern,0.7536639,0.022946464,0.028848529,0.023871563,0.024414683,0.014727201,0.016221473,0.7536639,0.016040387,0.087458394,0.01180743
 This is a green tea without the bitterness. ,Not Dark Pattern,0.48873514,0.17289948,0.057767488,0.037977315,0.047351968,0.027046578,0.024799338,0.48873514,0.037718706,0.04880395,0.056900043
Short Sleeve T-Shirts ,Not Dark Pattern,0.7798364,0.017233036,0.021473462,0.021339644,0.029055892,0.022557456,0.020485075,0.7798364,0.01959372,0.04842918,0.019996164
 Books About Indian Culture ,Not Dark Pattern,0.67933553,0.045882467,0.043253828,0.017753087,0.036418222,0.016912272,0.017732045,0.67933553,0.050222028,0.06482897,0.027661564
" Sorry, we could not process your request at the moment. Please try again in a few minutes. ",High-demand Messages,0.26723602,0.053482678,0.047015633,0.05985455,0.26723602,0.048195124,0.16193019,0.14519134,0.036330007,0.072870426,0.10789399
 First name * ,Not Dark Pattern,0.7533088,0.015945613,0.046306066,0.034757838,0.022061454,0.010139671,0.021749604,0.7533088,0.030677695,0.04430667,0.020746566
 Flex Mount ,Not Dark Pattern,0.7532758,0.041622866,0.021681953,0.015166706,0.029824879,0.02029134,0.01734371,0.7532758,0.023916898,0.053023595,0.023852263
 V-neck Printed Loose Short-sleeved T-shirt ,Not Dark Pattern,0.72946215,0.028954811,0.031282965,0.03026075,0.03077516,0.026122807,0.022469416,0.72946215,0.02379323,0.04987949,0.026999252
 Accessibility statement ,Not Dark Pattern,0.4457513,0.01689001,0.029494606,0.04006579,0.055946358,0.0088638505,0.020643769,0.4457513,0.11395399,0.030232351,0.238158
 Crossbody & Belt Bags ,Not Dark Pattern,0.7778014,0.02522598,0.021232275,0.019617958,0.025624925,0.01480192,0.012740907,0.7778014,0.04616652,0.03195596,0.024832191
 Affiliate ,Not Dark Pattern,0.691063,0.042683803,0.036369406,0.029280905,0.03723708,0.012400407,0.014765354,0.691063,0.03128118,0.05774467,0.047174208
 Electric Daisy ,Not Dark Pattern,0.8157051,0.013960719,0.024789132,0.017929966,0.03432847,0.0061215553,0.0111486325,0.8157051,0.024096979,0.042485747,0.009433728
Search Result:Search Results: ,Not Dark Pattern,0.77589977,0.028921634,0.02640409,0.02862087,0.027156478,0.009835357,0.019650709,0.77589977,0.014127596,0.044120952,0.025262492
 Learn More ,Not Dark Pattern,0.83339655,0.014375521,0.018484373,0.014002921,0.029751487,0.0066232607,0.009201092,0.83339655,0.017176285,0.032248057,0.024740437
 Home ¬ª ,Not Dark Pattern,0.8518977,0.0054389327,0.013838586,0.012018616,0.018732255,0.0038457515,0.007956394,0.8518977,0.019984521,0.036893003,0.029394183
Order Subtotal $19.99 Standard Delivery $12.99 Care & Handling $2.99 Tax $2.38 Total $38.35 Savings Today $10.00,Countdown Timers,0.19678351,0.07084609,0.13988195,0.19678351,0.041683525,0.1936503,0.023522183,0.053341288,0.16917807,0.053414647,0.057698425
 Polar Lights II ,Not Dark Pattern,0.74946153,0.025220428,0.034221247,0.030576691,0.025744073,0.022086224,0.015996957,0.74946153,0.031709608,0.04695085,0.018032402
40% OFF EVERYTHING* ENTER: 40PLT + FREE SHIPPING ON ALL ORDERS OVER $80 ,Limited-time Messages,0.71230674,0.0136746,0.021097269,0.11090634,0.038657684,0.71230674,0.013384395,0.025567818,0.040591773,0.016758593,0.0070547927
 Butterscotch Cakes ,Not Dark Pattern,0.8294508,0.009873841,0.023716731,0.015216165,0.039131466,0.005610985,0.013115021,0.8294508,0.013640787,0.028174289,0.022069987
 Write a reviewAsk a question,Not Dark Pattern,0.81240547,0.010732187,0.02733657,0.013981841,0.020512016,0.007240904,0.015810985,0.81240547,0.01384947,0.065404326,0.012726199
Clocks ,Countdown Timers,0.8453153,0.010964729,0.013811471,0.8453153,0.00977863,0.016379852,0.01039523,0.06752083,0.0047238427,0.015876057,0.0052339584
 Title of Review ,Not Dark Pattern,0.7716965,0.013613291,0.027344668,0.015563927,0.0239138,0.008128864,0.017387388,0.7716965,0.02064827,0.08566622,0.016037082
 World of Sweats ,Not Dark Pattern,0.82059604,0.008155662,0.023630274,0.020715944,0.02693013,0.013487665,0.009041767,0.82059604,0.030390851,0.031253055,0.015798572
Compare Products ,Not Dark Pattern,0.64093214,0.028760618,0.040721964,0.016886614,0.021771623,0.017679539,0.014414139,0.64093214,0.15301606,0.042355355,0.023462001
 Chargers ,Not Dark Pattern,0.85992837,0.0068072136,0.016452832,0.010866651,0.014061829,0.008979799,0.0092686135,0.85992837,0.01589013,0.051293433,0.0064511816
 Casual V-Neck Sleeveless T-Shirt ,Not Dark Pattern,0.73030347,0.028074356,0.031519823,0.028840488,0.031102808,0.027614364,0.020267121,0.73030347,0.027267989,0.049991652,0.025017945
 View All Mattress Accessories ,Not Dark Pattern,0.5807963,0.07620809,0.052888002,0.03751378,0.027551828,0.019637397,0.03220747,0.5807963,0.086371824,0.04457363,0.042251695
 Face Masks,Not Dark Pattern,0.6216131,0.028005093,0.030892486,0.03425787,0.028535454,0.014934365,0.02034234,0.6216131,0.098031744,0.0329211,0.09046652
 Gemstone softwares ,Not Dark Pattern,0.8064573,0.02734389,0.026108136,0.019444097,0.030967984,0.014287709,0.013023252,0.8064573,0.014345031,0.03176417,0.01625846
 read you will want to read -- Five Book Group Favourites * Sunday Post *,Not Dark Pattern,0.62773526,0.022701839,0.05547197,0.02006645,0.04613322,0.020536132,0.02496362,0.62773526,0.061767373,0.08836278,0.0322613
 Shop ,Not Dark Pattern,0.79668033,0.016508497,0.023947295,0.010714633,0.030267194,0.013612979,0.0063089016,0.79668033,0.056056373,0.029640637,0.01626316
Shipping Insurance Remove Insurance,Pressured Selling,0.5423831,0.020555306,0.05206978,0.02990041,0.044743255,0.02265942,0.012910517,0.113985546,0.5423831,0.02913467,0.13165808
 GeekVape Pursue a Healthy Vaping Experience ,Not Dark Pattern,0.59180063,0.14175491,0.03463609,0.026182938,0.043791305,0.018469939,0.015454437,0.59180063,0.05108149,0.036834143,0.039994165
 Plastic ,Not Dark Pattern,0.768343,0.014714054,0.034265958,0.01760907,0.037606984,0.018617786,0.014064702,0.768343,0.043286208,0.028543217,0.022949051
 ‡•ê Welcome to Devshoppe Sign In or Create an Account ,Not Dark Pattern,0.55982065,0.018305346,0.032573707,0.023037862,0.020900609,0.008117785,0.017585177,0.55982065,0.04012071,0.026459316,0.25307885
 Bra Panty Set ,Not Dark Pattern,0.70446026,0.037515,0.03513651,0.028574297,0.03568882,0.01703449,0.022456292,0.70446026,0.036659867,0.05146851,0.031005919
 Black / White Refine by Color: Black / White ,Not Dark Pattern,0.83465964,0.00947711,0.020991765,0.021480383,0.03055345,0.012100283,0.01237044,0.83465964,0.026596408,0.017376134,0.014394384
 Summer Simple Breathable Socks ,Not Dark Pattern,0.66637236,0.038679097,0.03474952,0.03134162,0.029771434,0.025800928,0.040218037,0.66637236,0.041523464,0.061017457,0.030526096
 Yearly ,Pressured Selling,0.37899494,0.026488835,0.051053297,0.013963305,0.0679658,0.066554256,0.010813099,0.1903712,0.37899494,0.13142303,0.062372282
Parad Combo Deals ,Pressured Selling,0.42305365,0.009258605,0.107310325,0.06359175,0.08460144,0.11532746,0.014800465,0.080796055,0.42305365,0.05364971,0.047610536
 Netherlands Antilles USD,Not Dark Pattern,0.39291155,0.10457794,0.06642065,0.047947314,0.053891335,0.089086235,0.026472066,0.39291155,0.11936943,0.044219226,0.055104397
 CAMILLA World ,Not Dark Pattern,0.6142059,0.0690221,0.025157234,0.03785535,0.036997348,0.041604873,0.022217501,0.6142059,0.03459963,0.08502313,0.0333169
 Women's Bags ,Not Dark Pattern,0.727965,0.039443616,0.025009584,0.02458651,0.034941077,0.017409727,0.014262788,0.727965,0.042712573,0.049326193,0.024342915
Purchase Benefit Club Member can cancel the Purchase Benefits at any time by calling MDG‚Äôs Customer Service department at: 1-800-906-0975 ext. 352 and requesting to cancel the Purchase Benefits.,Trick Questions,0.3321647,0.026575785,0.08188171,0.045241535,0.045228403,0.04501026,0.0259413,0.09283064,0.2635119,0.041613873,0.3321647
 Shirts & Blouses ,Not Dark Pattern,0.82373893,0.013881008,0.0158134,0.013214754,0.030328061,0.018222483,0.013695119,0.82373893,0.021260157,0.035230566,0.014615588
 All Shoes ,Not Dark Pattern,0.76365024,0.013413123,0.02494981,0.023594009,0.0264187,0.010663948,0.017620973,0.76365024,0.03900221,0.064281605,0.01640533
I have a strong liking to walnut. Even the sapwood can look very presentable when finished good. Thus cutting board is a great item for use and conversation and looks good. ,Not Dark Pattern,0.58191055,0.039367307,0.050109208,0.029835565,0.033884406,0.02506787,0.02977555,0.58191055,0.054962207,0.13716404,0.017923294
 Women's Summer New Clerk Large Size Loose Cotton And Linen Blouse ,Not Dark Pattern,0.65058494,0.0465794,0.033300478,0.033139993,0.041174628,0.044571687,0.025952166,0.65058494,0.021003913,0.07538332,0.02830955
 Other Snacks ,Not Dark Pattern,0.8185379,0.010782599,0.024970857,0.020092312,0.040073317,0.006343843,0.016582064,0.8185379,0.014219186,0.02814644,0.020251501
Free Shipping & Easy Returns always! ,Limited-time Messages,0.27336243,0.026619777,0.05585057,0.097912975,0.060913987,0.27336243,0.028462289,0.2552196,0.10991693,0.065522775,0.026218645
Harry Potter ,Not Dark Pattern,0.7610177,0.010195027,0.034424458,0.0217912,0.025725322,0.012196899,0.015244104,0.7610177,0.033557843,0.05941479,0.026432717
 All Birthday Gifts ,Not Dark Pattern,0.74973875,0.018977929,0.044819523,0.025106577,0.03632973,0.017525543,0.011388357,0.74973875,0.041277938,0.039509643,0.015325991
 Zero Gravity Lift Chairs ,Not Dark Pattern,0.43046743,0.04511501,0.050236337,0.047427412,0.045153446,0.048384782,0.035963006,0.43046743,0.15117975,0.10098337,0.045089576
 A Date With Duchess ,Not Dark Pattern,0.70954096,0.015479128,0.039702646,0.028911112,0.043693542,0.025284417,0.015321473,0.70954096,0.035784665,0.065880686,0.020401437
Rare Book Conditions ,Not Dark Pattern,0.2704829,0.05025451,0.08401536,0.044784203,0.12622404,0.057484362,0.14558446,0.2704829,0.09066513,0.072531134,0.057973914
 Search Search ,Not Dark Pattern,0.81330687,0.021897081,0.024670858,0.020592745,0.02407781,0.009010731,0.013664301,0.81330687,0.016412446,0.038830314,0.01753687
 shop by trend ,Not Dark Pattern,0.67220914,0.034494393,0.029589193,0.015144397,0.028947199,0.02204032,0.010146193,0.67220914,0.074665934,0.0906802,0.022083063
"If your JR Plus membership has renewed automatically, you have seven (7) days after payment is taken to cancel your annual membership. You must contact Customer Service at (888) 574-3576 within this window and not have made any eligible purchase using the JR Plus service. You will then be provided with a full refund of your membership fee for the renewal year and the JR Plus service will be cancelled from your account. If you cancel during any renewal year after the seven (7) day window expires, you are not entitled to any refund of the renewal fee, even if you have not made any eligible purchase during the renewal term.",Trick Questions,0.40220794,0.02602754,0.11546345,0.036076978,0.038674757,0.047697607,0.024480198,0.06790757,0.19961736,0.041846585,0.40220794
 Searching...,Not Dark Pattern,0.62600195,0.06936443,0.045740243,0.05521785,0.045754742,0.01675918,0.026349137,0.62600195,0.022580015,0.063314095,0.028918298
clear text ,Not Dark Pattern,0.6037356,0.01707214,0.030775746,0.030866059,0.05860289,0.0134711815,0.03804858,0.6037356,0.025460834,0.027317896,0.15464911
" is full of sorrow and joy that weaves the life stories of its characters, exploring relationships, illness and loss * Manchester Weekly News *",Not Dark Pattern,0.73315036,0.016715642,0.034169264,0.015569107,0.03180294,0.007848422,0.015585518,0.73315036,0.024129536,0.09829886,0.022730378
 Cat's Eye Beads ,Not Dark Pattern,0.70210564,0.06564052,0.035481595,0.025254117,0.034924526,0.020453904,0.02979642,0.70210564,0.024400461,0.0385967,0.023346074
 Upcoming Events ,Not Dark Pattern,0.663738,0.022869166,0.020252934,0.053637818,0.0532838,0.04509462,0.023672571,0.663738,0.0204934,0.07836225,0.018595465
 Light Blue Regular Fit Single Cuff Easy Care Shirt ,Not Dark Pattern,0.7625544,0.022748278,0.028852597,0.023381036,0.029734336,0.02569002,0.021306086,0.7625544,0.024612851,0.042052485,0.0190679
 Sunflower ,Not Dark Pattern,0.7834811,0.025733246,0.020615049,0.02479422,0.0333679,0.008634466,0.014114689,0.7834811,0.023932608,0.047381368,0.017945232
 Why buy from us ,Activity Notifications,0.5707399,0.5707399,0.030923376,0.026465204,0.05692704,0.027682642,0.017472778,0.08504564,0.06562658,0.07391898,0.04519782
 All Personalised Gifts ,Not Dark Pattern,0.6939581,0.024648305,0.049388736,0.029365461,0.03672066,0.016658844,0.015246285,0.6939581,0.053159136,0.04950343,0.031351056
 Heart Shaped Cake ,Not Dark Pattern,0.69734895,0.037543084,0.041870255,0.025014661,0.062648416,0.01418282,0.018126713,0.69734895,0.027261304,0.04154921,0.034454543
 New In,Not Dark Pattern,0.7183718,0.03702849,0.030850494,0.0224858,0.03677439,0.010931748,0.016765177,0.7183718,0.030169826,0.06624005,0.030382138
 Travel Accessories ,Not Dark Pattern,0.69574296,0.026175259,0.02800207,0.022174088,0.032020185,0.021866014,0.016762085,0.69574296,0.103012055,0.031950165,0.022295019
Bob's Outreach ,Not Dark Pattern,0.8308243,0.0161414,0.014761922,0.018873638,0.029456114,0.0073431456,0.011075448,0.8308243,0.013288213,0.044174973,0.0140609
 Mixed Media ,Not Dark Pattern,0.85716105,0.008316296,0.017815785,0.013921997,0.017434098,0.007790065,0.008188632,0.85716105,0.035612203,0.021717664,0.012042263
 Bioactive Custodians ,Not Dark Pattern,0.71579075,0.023247384,0.03288748,0.03521073,0.042572554,0.016454145,0.026582863,0.71579075,0.042582147,0.039832324,0.024839658
 Every bicycle tells a story ,Not Dark Pattern,0.7565574,0.015964966,0.02707097,0.019118307,0.037681803,0.006208949,0.017395992,0.7565574,0.03613198,0.06040756,0.023461984
 Shop All Lehenga Choli ,Not Dark Pattern,0.7727697,0.023620313,0.02420409,0.012653947,0.0344389,0.025398953,0.008798365,0.7727697,0.04897226,0.037147604,0.011995899
 School Shoes,Not Dark Pattern,0.6437727,0.02022171,0.03587181,0.032264933,0.024173856,0.012425415,0.027322106,0.6437727,0.04431948,0.13468789,0.024940062
 Short Sleeve Dresses ,Not Dark Pattern,0.7510457,0.018837994,0.022339534,0.024293719,0.025426041,0.01953969,0.024044683,0.7510457,0.018520653,0.062063094,0.033888854
Crystal Shivlingas ,Not Dark Pattern,0.7863687,0.033627987,0.03259051,0.019255161,0.025343329,0.013824615,0.017441178,0.7863687,0.015104045,0.03902339,0.017421087
 Ladies Flower Print Casual Fashion Dress ,Not Dark Pattern,0.70337534,0.032764483,0.030624067,0.03156427,0.0313071,0.015750235,0.023098914,0.70337534,0.017389383,0.08680874,0.027317476
 New In Lunch Boxes ,Not Dark Pattern,0.7266274,0.037589684,0.026417956,0.024295973,0.04408587,0.014879958,0.014196849,0.7266274,0.033537947,0.051453367,0.026914936
 Paul Henry ,Not Dark Pattern,0.7180813,0.028647529,0.03548428,0.021768609,0.025149522,0.010171397,0.02456927,0.7180813,0.03082333,0.08476004,0.020544738
Know exactly what‚Äôs going on at home and be alerted of emergencies in real time. ,Not Dark Pattern,0.7458079,0.01601489,0.017111491,0.029439814,0.023286294,0.012502629,0.011177749,0.7458079,0.05421815,0.05620331,0.03423776
. ,Not Dark Pattern,0.3748507,0.017779307,0.05520613,0.05661945,0.063685074,0.07702411,0.027563144,0.3748507,0.069978505,0.22229618,0.0349975
 WWE New Arrivals ,Not Dark Pattern,0.68385637,0.032565262,0.027430821,0.02474103,0.035267424,0.013868716,0.020943413,0.68385637,0.046447422,0.086418614,0.028461006
 Eye Protection,Not Dark Pattern,0.428265,0.030485876,0.037777822,0.03326662,0.035907738,0.018568482,0.019169971,0.428265,0.17877804,0.025698498,0.19208196
 Shoe Care ,Not Dark Pattern,0.7470604,0.015092977,0.024172196,0.025914017,0.022514822,0.010360122,0.020725625,0.7470604,0.042346682,0.06932734,0.022485837
" Looks like your cart is empty, let's fix that! ",Countdown Timers,0.44012472,0.029431578,0.037009746,0.44012472,0.12531579,0.051767457,0.07226555,0.11956243,0.056811415,0.029052025,0.038659215
 Space Heaters & Workshop Heaters ,Not Dark Pattern,0.74559885,0.018798007,0.028977972,0.028966304,0.039891537,0.01384311,0.014420168,0.74559885,0.048687324,0.032511927,0.028304836
 Terms of Service ,Not Dark Pattern,0.7838035,0.013511613,0.02309959,0.047517024,0.041069265,0.006796593,0.00931281,0.7838035,0.018108992,0.03255189,0.024228726
 ‚òÖ ‚òÖ ‚òÖ ‚òÖ ‚òÖ ,Not Dark Pattern,0.54849494,0.031028518,0.04798904,0.0418685,0.03293269,0.012847812,0.021025779,0.54849494,0.067240536,0.15749405,0.039078128
 C.P. Company ,Not Dark Pattern,0.5907278,0.085990004,0.028095588,0.049706675,0.04342033,0.014451716,0.02972625,0.5907278,0.04042155,0.08759686,0.02986315
 United States ,Activity Notifications,0.5149916,0.5149916,0.025787946,0.035245195,0.039176635,0.036023866,0.02069463,0.14930153,0.044340275,0.09565664,0.038781732
 PopWallet+ Refine by Product Type: PopWallet+ ,Not Dark Pattern,0.7736536,0.014942609,0.029361967,0.028112473,0.028904628,0.009417967,0.01408676,0.7736536,0.036373816,0.024900768,0.04024531
 Color Yellow Smoke Blue Pink Orange,Not Dark Pattern,0.84302634,0.014894916,0.018817179,0.019481905,0.030069908,0.00919594,0.012785313,0.84302634,0.016726298,0.020568449,0.014433701
 All Men's Brands ,Not Dark Pattern,0.7706315,0.016329523,0.023433719,0.012457797,0.020174079,0.013353416,0.013570786,0.7706315,0.0428848,0.07440597,0.012758383
 Synthesis Alloy Collection ,Not Dark Pattern,0.73790056,0.07040478,0.035615444,0.020439252,0.046392612,0.009722375,0.01899921,0.73790056,0.017421097,0.02375945,0.019345172
 Mountboard ,Not Dark Pattern,0.80269676,0.021558326,0.03141266,0.019740194,0.030917512,0.010925366,0.017539669,0.80269676,0.016774872,0.038861103,0.009573594
 TERMS OF SALE ,Not Dark Pattern,0.4259902,0.04468704,0.034673307,0.102738045,0.12203253,0.030995984,0.020276712,0.4259902,0.09612589,0.054224055,0.06825619
"Michael in Pontiac, United States purchased a  ",Activity Notifications,0.82097936,0.82097936,0.018540708,0.013305123,0.027692435,0.010906236,0.01732684,0.024577478,0.015741913,0.029280283,0.021649662
 Brushes + Tools ,Not Dark Pattern,0.6632079,0.030938936,0.05217657,0.028330972,0.041313414,0.022890406,0.025040532,0.6632079,0.070043586,0.026511105,0.039546642
Use the left and right arrow keys to navigate the Menu. Use the enter key to activate the submenu on a navigation item. Use escape key to close the submenu. ,Not Dark Pattern,0.7444959,0.015005234,0.029890662,0.019474056,0.034688782,0.011513121,0.023371702,0.7444959,0.038770135,0.048316322,0.034474127
 Menu Search ,Not Dark Pattern,0.7806036,0.018942978,0.025878811,0.023722284,0.028723704,0.011153769,0.019256463,0.7806036,0.01994868,0.046950094,0.024819657
 Subscribe ,Not Dark Pattern,0.6013152,0.018943502,0.040676333,0.024810983,0.023278028,0.01790247,0.01729615,0.6013152,0.14916861,0.044448268,0.062160462
 Fashion Short Sleeve Crew Neck Print Dress ,Not Dark Pattern,0.70386374,0.027666027,0.033458132,0.037192855,0.030399611,0.018397681,0.02760092,0.70386374,0.01866813,0.071279764,0.031473104
 Love the way you pay ,Not Dark Pattern,0.61472374,0.012457436,0.08019755,0.049579807,0.056189843,0.01696856,0.012005642,0.61472374,0.06589079,0.054633524,0.037353184
 Women's Sandals ,Not Dark Pattern,0.70497197,0.021859214,0.030830637,0.02897928,0.025415637,0.012900928,0.030643078,0.70497197,0.033907652,0.08161721,0.028874435
 Rain Boots ,Not Dark Pattern,0.7292016,0.016150191,0.026016587,0.03159776,0.02465561,0.012507571,0.032097775,0.7292016,0.044322524,0.053838927,0.02961135
 Irwin ,Not Dark Pattern,0.81418157,0.027292239,0.01992662,0.014162596,0.021477478,0.007569555,0.012226462,0.81418157,0.017450957,0.05299228,0.012720277
 Share on Pinterest ,Not Dark Pattern,0.72190905,0.041369334,0.027733667,0.02625424,0.027679805,0.014877146,0.01807957,0.72190905,0.03575295,0.06416764,0.022176493
 family ,Not Dark Pattern,0.6328578,0.021323588,0.029478477,0.020461705,0.027308915,0.011681521,0.013688963,0.6328578,0.06178508,0.13122615,0.050187785
 Mobile Terms of Use ,Not Dark Pattern,0.7202538,0.024285631,0.024919605,0.04141799,0.042357873,0.006629792,0.013686452,0.7202538,0.029327901,0.037993103,0.059127912
 Tweet Share Pin It Add Email ,Not Dark Pattern,0.71395135,0.028775573,0.023350509,0.020970678,0.024692776,0.010831163,0.015534919,0.71395135,0.05015524,0.04579052,0.06594725
" Port, Sherry & Sweet Wine ",Not Dark Pattern,0.5849056,0.051434156,0.051954556,0.032389224,0.0741771,0.01242954,0.029906522,0.5849056,0.057982374,0.07368625,0.031134652
 Eyelashes ,Not Dark Pattern,0.66721696,0.031304136,0.034377065,0.03407398,0.03921281,0.021813754,0.030098578,0.66721696,0.045189973,0.05171446,0.044998303
Wallets ,Not Dark Pattern,0.73625,0.020295534,0.034572728,0.021167997,0.046133783,0.012649735,0.014199421,0.73625,0.04226157,0.045283288,0.02718603
 Safe & Secure Checkout ,Not Dark Pattern,0.53432107,0.028888071,0.03790959,0.035394818,0.03494764,0.02183771,0.01223842,0.53432107,0.12907808,0.07797663,0.0874079
 View product View SAA Standard Membership Renewal - Credit/Debit Card - One Year Only ,Pressured Selling,0.27413985,0.03930018,0.09868961,0.0528429,0.030951478,0.055197105,0.024481317,0.16747244,0.27413985,0.05534991,0.20157525
 Digital Device Covers ,Not Dark Pattern,0.74722016,0.019281814,0.019854173,0.012519276,0.03135951,0.01752389,0.016500821,0.74722016,0.077504486,0.029653916,0.028581986
 Cordless Phones For Seniors ,Not Dark Pattern,0.73395723,0.037217796,0.024605298,0.022064352,0.038384672,0.015886674,0.017290618,0.73395723,0.037279252,0.04464595,0.028668113
 All¬†Licensed ,Not Dark Pattern,0.6030029,0.025879191,0.038672406,0.04135321,0.0810427,0.07607661,0.019254446,0.6030029,0.03876386,0.057418574,0.018536113
 Personalised Gifts ,Not Dark Pattern,0.71846277,0.020894429,0.049956415,0.029299814,0.03501886,0.014613877,0.0137621295,0.71846277,0.044109564,0.04868485,0.025197372
 Frame out of stock in this colour,Low-stock Messages,0.7440476,0.017139724,0.020914812,0.014235378,0.0558525,0.038459826,0.7440476,0.041077375,0.013587808,0.03190318,0.022781875
 SAF Warriors ,Not Dark Pattern,0.78579074,0.013366915,0.025426226,0.024277855,0.02166985,0.008059476,0.015289836,0.78579074,0.025533136,0.06519706,0.01538885
 More Sports ,Not Dark Pattern,0.8401495,0.007290975,0.0144252945,0.013296094,0.024114503,0.008992633,0.012241293,0.8401495,0.015255754,0.050781783,0.013452156
 mens long sleeve organic shirt ,Not Dark Pattern,0.7312818,0.028691327,0.028925085,0.027731113,0.03130348,0.031738658,0.025246158,0.7312818,0.026215851,0.046015285,0.022851277
 Most-Hearted Styles Shop Now ,Not Dark Pattern,0.6764599,0.03216081,0.028635534,0.019309271,0.0453832,0.030199837,0.011937624,0.6764599,0.051935583,0.07962489,0.024353344
 Plant-Based Beauty ,Not Dark Pattern,0.69183445,0.048215013,0.03567821,0.030726064,0.039073307,0.017312042,0.02088635,0.69183445,0.03513276,0.057792738,0.023349103
 All consumers in the EU are charged VAT on the purchase of goods and services.,Not Dark Pattern,0.66264284,0.032193515,0.026289381,0.030483022,0.025375629,0.016971568,0.0072145187,0.66264284,0.14265811,0.033940382,0.022231046
 Watercolour Brushes Toggle category Watercolour Brushes ,Not Dark Pattern,0.6829854,0.031979132,0.055357523,0.02811691,0.035394486,0.026278289,0.018909985,0.6829854,0.062048383,0.02627122,0.032658584
 EU Delivery & Returns ,Not Dark Pattern,0.7731793,0.023297835,0.01738148,0.022525012,0.030952383,0.016717942,0.008544353,0.7731793,0.05730211,0.033126608,0.016973022
"Exposed Membership (recurring subscription) and Cancellations  If You order with Exposed Membership, you are selecting a recurring billing subscription, where You will receive a new kit approximately every 60 days. You are able to cancel by contacting Exposed customer care at 1-866-404-7656, 8am ‚Äì 4pm Pacific Time, M-F.  If You are part of our Monthly installment program, You will be billed in two monthly installments for each acne kit shipped. Each kit will be shipped every two months unless your membership is canceled. To cancel Your Exposed Membership, You must: 1. first pay in full for all kits that have been shipped 2. and, then contact Exposed customer care at 1-866-404-7656 8am ‚Äì 4pm Pacific Time, M-F to process Your cancellation.",Trick Questions,0.40010646,0.03248977,0.06554671,0.035825025,0.04612378,0.06101722,0.029562954,0.10462747,0.18594684,0.03875386,0.40010646
 PopGrip MagSafe Refine by Product Type: PopGrip MagSafe ,Not Dark Pattern,0.7690424,0.016296128,0.03135802,0.026328254,0.028082386,0.009444135,0.018477455,0.7690424,0.037275903,0.026905095,0.036790296
 Glow Gear ,Not Dark Pattern,0.712304,0.031422272,0.029457832,0.03410031,0.036975093,0.020214966,0.018196225,0.712304,0.047214046,0.03777536,0.032339863
Charleston ,Not Dark Pattern,0.35189426,0.27001294,0.02716897,0.041228686,0.030400878,0.028759185,0.024665091,0.35189426,0.03446573,0.1622169,0.029187368
"GRACE from ORLANDO, United States bought Camouflage Jumpsuit 31 minutes ago          ",Activity Notifications,0.87657374,0.87657374,0.007193733,0.014929092,0.014904859,0.014980621,0.008276592,0.00944864,0.0068108956,0.0325784,0.014303471
"YOU MAY CANCEL YOUR WINE CLUB MEMBERSHIP OR ANY HOLIDAY SHIPMENTS AT ANY TIME BY CONTACTING US AT 1-877-975-9463, AND WE WILL PROMPTLY STOP PROCESSING THE RECURRING PAYMENTS.",Trick Questions,0.23873486,0.059270255,0.13171564,0.057432882,0.055854227,0.07586251,0.062076595,0.10275926,0.13902713,0.07726677,0.23873486
 Gameday Collection ,Not Dark Pattern,0.6939172,0.050635602,0.043283734,0.023195667,0.03626215,0.02706303,0.0138454195,0.6939172,0.04318516,0.05068088,0.017931057
 Accessories Collection ,Not Dark Pattern,0.7019279,0.037133604,0.028663753,0.026756918,0.038072314,0.016674463,0.019067068,0.7019279,0.06258781,0.043557763,0.025558343
 Take time to pay.,Not Dark Pattern,0.46685404,0.027956052,0.06925244,0.09836301,0.063145414,0.029770147,0.019200899,0.46685404,0.110133864,0.03904943,0.076274686
 Payment Methods ,Not Dark Pattern,0.8386443,0.006429532,0.020065716,0.0150624355,0.02730745,0.0056146025,0.0059576384,0.8386443,0.019560853,0.041089136,0.020268263
 Shop Sale by Print ,Not Dark Pattern,0.7953996,0.017185418,0.02337544,0.012521664,0.034910545,0.021383328,0.009878047,0.7953996,0.0377979,0.02936242,0.018185642
 Get The Look The Full Story Shop Now Read More ,Not Dark Pattern,0.62625843,0.029395457,0.045378264,0.025154797,0.05418564,0.041778482,0.016085153,0.62625843,0.0684108,0.06042414,0.0329288
 Gut Health ,Not Dark Pattern,0.7985795,0.012350901,0.02518293,0.023092596,0.036112122,0.0073371213,0.018584656,0.7985795,0.01690685,0.037869476,0.02398384
 Limited Edition Colors ,Low-stock Messages,0.27686453,0.05153814,0.056680698,0.034195412,0.18406083,0.075860836,0.27686453,0.16179205,0.05124287,0.054446924,0.053317707
"Once a celebrated author of short stories now in his twilight years, ",Not Dark Pattern,0.640925,0.023523195,0.033629347,0.02001824,0.045728877,0.010542083,0.02769819,0.640925,0.030771382,0.13925777,0.027905922
0 DAYS22 HOURS13 MINUTES21 SECONDS ,Countdown Timers,0.9231758,0.017157735,0.008654447,0.9231758,0.0039021634,0.007774628,0.0062631774,0.01914865,0.0031043957,0.008390326,0.0024284904
By Brand All Men's Brands ,Not Dark Pattern,0.75326306,0.018358588,0.025116408,0.014938416,0.021688322,0.016848423,0.014515974,0.75326306,0.045495056,0.07573421,0.014041517
I would like to join Backstage Pass & agree to the Terms & Conditions & to receive emails & other promotional offers.,Not Dark Pattern,0.305235,0.04808391,0.07721138,0.03707385,0.033873964,0.02263547,0.026222067,0.305235,0.1131164,0.06629204,0.27025592
 Shop All Men's Boots ,Not Dark Pattern,0.733065,0.019793104,0.031318627,0.021538263,0.026299879,0.016765844,0.023922058,0.733065,0.03813258,0.07087567,0.018288981
 Summer Casual Printed Loosen Short Sleeve T-Shirt ,Not Dark Pattern,0.74978036,0.023828162,0.029178467,0.025872048,0.029817235,0.026237877,0.02185932,0.74978036,0.021040326,0.047935374,0.024450852
 SAA Oil & Acrylic Brushes ,Not Dark Pattern,0.62800515,0.038637545,0.052111328,0.041738268,0.035544448,0.020348141,0.022555165,0.62800515,0.09331221,0.02664064,0.041107062
 New in ,Not Dark Pattern,0.7183718,0.03702849,0.030850487,0.0224858,0.036774382,0.010931748,0.016765177,0.7183718,0.030169826,0.06624005,0.030382138
"To cancel your order before it ships, call us.",Countdown Timers,0.28308642,0.031901177,0.0479362,0.28308642,0.13212848,0.21686493,0.09879545,0.050400335,0.05118505,0.04581725,0.041884687
 Lens Manual Washer ,Not Dark Pattern,0.66351306,0.019801408,0.029298233,0.024671739,0.036846098,0.024078371,0.02032349,0.66351306,0.101019084,0.025321592,0.05512691
 Clinical Studies ,Not Dark Pattern,0.85241574,0.009435196,0.020803109,0.010418573,0.03420738,0.0055818106,0.010426629,0.85241574,0.0138157215,0.027129244,0.015766673
Free 60 day VIP trial membership with this order. Cancel anytime.,Limited-time Messages,0.22177725,0.03558631,0.0652671,0.21692494,0.062081587,0.22177725,0.0263333,0.054399606,0.17409088,0.05239539,0.091143645
 Best Deals of the Month: April Edition ,Limited-time Messages,0.64092094,0.009051851,0.021979652,0.025705038,0.068729475,0.64092094,0.0067802253,0.038849432,0.15121664,0.028945033,0.007821638
 Out of Stock! ,Low-stock Messages,0.8823962,0.010376895,0.011461785,0.0065611084,0.02268646,0.011440185,0.8823962,0.011184999,0.005248606,0.025288163,0.013355462
 Sustainably made,Not Dark Pattern,0.7476052,0.031182783,0.021140583,0.023082515,0.02786261,0.013112217,0.015696995,0.7476052,0.04632668,0.04742515,0.026565285
Dressmakers Mannequins ,Not Dark Pattern,0.7021629,0.0436413,0.028973766,0.029553233,0.03599805,0.013907524,0.017587813,0.7021629,0.029644202,0.078278184,0.020252919
 Mitre Saws ,Not Dark Pattern,0.70412993,0.021143932,0.035794117,0.021945318,0.033530097,0.02223378,0.031009192,0.70412993,0.056023676,0.04328009,0.030909862
"IF YOU PARTICIPATE IN AN AUTOMATIC RENEWAL SUBSCRIPTION AND YOU HAVE PROVIDED US WITH A VALID CREDIT CARD NUMBER OR AN ALTERNATE PAYMENT METHOD, EACH SHIPMENT WILL BE AUTOMATICALLY PROCESSED AT THE TIME OF EACH SHIPMENT OR INSTALLMENT AND WILL BE BILLED TO THE PAYMENT METHOD YOU PROVIDED TO US AT THE TIME OF YOUR INITIAL PURCHASE AND AGREEMENT TO PARTICIPATE IN THE PROGRAM. IF YOU WISH TO CANCEL YOUR PARTICIPATION IN AN AUTOMATIC RENEWAL SUBSCRIPTION, YOU MAY DO SO AT ANY TIME BY CONTACTING A CUSTOMER CARE PROFESSIONAL AT THE CONTACT INFORMATION PROVIDED ON THE WEBSITE.",Trick Questions,0.26963794,0.030704603,0.06167085,0.0506741,0.05048888,0.044032473,0.02579325,0.24556531,0.17522047,0.046212133,0.26963794
 Rudraksha Recommendations ,Not Dark Pattern,0.71170497,0.024520855,0.025158273,0.008016965,0.036156192,0.02166274,0.00722331,0.71170497,0.06094055,0.08799703,0.016619144
All Brands A-Z ,Not Dark Pattern,0.7896909,0.013993395,0.019902553,0.009001771,0.014074331,0.009126062,0.012035952,0.7896909,0.045140654,0.07568788,0.011346513
" Household Cleaning Kitchen Bathroom Eco Laundry General Cleaning Kitchenware Cook & Bakeware Food Storage & Preservation Kitchen Textiles Appliances Kitchen Appliances Household Appliances Bed, Bath & Living ",Not Dark Pattern,0.7535035,0.016769288,0.020681515,0.025270034,0.029456673,0.010947994,0.017674727,0.7535035,0.056977905,0.0373396,0.031378735
 Our Carbon Footprint ,Not Dark Pattern,0.5985885,0.054285802,0.032320373,0.04100825,0.044177923,0.014149232,0.02830331,0.5985885,0.051380545,0.094724864,0.04106111
 Businesses in the EU buying from a business in the same country are also charged VAT.,Not Dark Pattern,0.6646923,0.05639548,0.022095736,0.021710226,0.029872647,0.01661329,0.0074216123,0.6646923,0.12961815,0.026635446,0.024945086
 Unstitched Fabric ,Not Dark Pattern,0.57748014,0.021279754,0.050795417,0.024317343,0.045754824,0.037704237,0.026143618,0.57748014,0.13512583,0.03382659,0.047572263
Pick the price that matches your budget. ,Confirmshaming,0.40766063,0.012609675,0.40766063,0.030367203,0.046774983,0.09577165,0.022699172,0.11347305,0.19610801,0.040554933,0.03398075
Limited quantity! ,Low-stock Messages,0.59197664,0.026750736,0.022530276,0.024142046,0.17732137,0.04117248,0.59197664,0.04492879,0.016044833,0.025484677,0.029648129
 ALL SALE ,Confirmshaming,0.49730617,0.01765158,0.49730617,0.053443603,0.071020424,0.09610467,0.048031356,0.09082635,0.046560157,0.04759807,0.0314576
 Jersey GBP,Activity Notifications,0.5367591,0.5367591,0.040875565,0.023136655,0.053245373,0.031974338,0.020800214,0.1521957,0.03635813,0.06042221,0.04423279
 What's New New arrivals daily ,Not Dark Pattern,0.71993583,0.033601586,0.019057354,0.017890701,0.030770121,0.017074717,0.016273173,0.71993583,0.04114979,0.08229257,0.021954153
 Comfy and looks great ,Not Dark Pattern,0.6847448,0.02437746,0.029949693,0.026615672,0.025992563,0.018738652,0.014438943,0.6847448,0.07136961,0.07071728,0.03305545
 Bar Stools,Not Dark Pattern,0.5884376,0.031629004,0.03698179,0.03216052,0.035925772,0.026012268,0.030898647,0.5884376,0.12742971,0.061964642,0.028559946
 Free Delivery to Home¬†& Next day delivery available to store* ,Not Dark Pattern,0.36478516,0.035877146,0.03829796,0.13968047,0.045065954,0.17022865,0.026645692,0.36478516,0.07957625,0.07705916,0.022783533
"Tambria in Hattiesburg just bought Peruvian Virgin Natural Wave Hair 3 Bundles with Lace Frontal, 100% Human Virgin Hair ",Activity Notifications,0.5034572,0.5034572,0.025363391,0.03454657,0.038767446,0.019295096,0.016846607,0.12554227,0.023422867,0.19059172,0.022166867
"WOULD YOU LIKE A FREE NEXT DIRECTORY? Explore all the latest collections from your free Next Directory. By opting in to receive the Next Directory you agree that we may send you, at our discretion, further Directories usually in January and July each year, at a charge of ¬£3.75 per publication. You also agree to receive supplementary Directories and ‚ÄòNew In‚Äô publications at no additional charge.",Not Dark Pattern,0.6392621,0.041731324,0.039070915,0.027891997,0.045926556,0.042521972,0.013538167,0.6392621,0.031079894,0.065926105,0.05305092
 Bob Ross Oil Brushes ,Not Dark Pattern,0.5908297,0.05128478,0.061525468,0.033672646,0.03966917,0.03101614,0.025899952,0.5908297,0.09117752,0.032140303,0.042784337
 REPLACE-WITH-DYANMIC-HOST-ID,Not Dark Pattern,0.22756235,0.107561074,0.13656172,0.07088504,0.08709589,0.041772746,0.041260462,0.22756235,0.07146575,0.087729976,0.12810497
 View all Oil & Acrylic Brushes categories ,Not Dark Pattern,0.6542889,0.040138267,0.05678914,0.02811753,0.036148757,0.028167691,0.021160955,0.6542889,0.06958783,0.029442647,0.036158342
 Drive and Focus ,Not Dark Pattern,0.7342699,0.010521923,0.02110601,0.018640153,0.068047695,0.018500995,0.018442826,0.7342699,0.031624544,0.029538998,0.049306907
 Laundry & Cleaning ,Not Dark Pattern,0.7783682,0.013329517,0.02072412,0.024909679,0.03351752,0.010715702,0.017680604,0.7783682,0.041857995,0.03546876,0.023427855
"To qualify, simply verify your status during checkout on the payment step. We verify through ID.me, our trusted technology partner for secure digital identity verification. ",Not Dark Pattern,0.46790463,0.032226693,0.039120853,0.024726808,0.031631105,0.009255253,0.01528788,0.46790463,0.08634387,0.0404801,0.25302282
 Resend One time Pin ,Trick Questions,0.2709202,0.026925523,0.09405414,0.049245484,0.077480495,0.032730285,0.05130171,0.22556235,0.10273626,0.06904354,0.2709202
Pay weekly ,Not Dark Pattern,0.35588104,0.019665513,0.08277047,0.055672653,0.09661401,0.16700251,0.0151583655,0.35588104,0.0718673,0.09480743,0.04056068
 Continue with Facebook Continue with Google ,Not Dark Pattern,0.55580777,0.022922125,0.03936182,0.015050796,0.036604524,0.013933903,0.022397695,0.55580777,0.029375462,0.05014137,0.21440461
 Data Processor Privacy Policy: https://triplelift.com/privacy ,Not Dark Pattern,0.67441463,0.036127854,0.030846326,0.035081178,0.0341589,0.008314164,0.015714146,0.67441463,0.033033527,0.07836082,0.053948447
 Supporting All Artists Create because you can ,Not Dark Pattern,0.8188397,0.014195308,0.015969621,0.016906748,0.023738394,0.0069686915,0.00928495,0.8188397,0.017907977,0.0665868,0.009601802
" Gift TypeFlowers, Cakes, Plants, etc. ",Not Dark Pattern,0.7069853,0.032733835,0.044504523,0.035158683,0.043660797,0.018820168,0.024990525,0.7069853,0.029237615,0.039666243,0.02424232
"For more information about the VIP Rewards Club Membership, to purchase or terminate a membership, or to start or stop automatic renewal of a membership, contact Ross-Simons Customer Service by postal mail at: Ross-Simons, 9 Ross-Simons Drive, Cranston, Rhode Island 02920; or by email at customerservice@ross-simons.com; or by calling the VIP Rewards Club priority line at 800-835-3799.",Pressured Selling,0.3065559,0.05284662,0.075215966,0.0624617,0.028760247,0.04183686,0.032252062,0.15709567,0.3065559,0.07998152,0.16299346
 Disposable Washcloths ,Not Dark Pattern,0.675198,0.023412313,0.03974129,0.031910025,0.035040103,0.02643493,0.02780538,0.675198,0.07437255,0.034903646,0.031181775
 IZZY MIDI DRESS Ivory ,Not Dark Pattern,0.67635286,0.034872774,0.027684545,0.031092342,0.028550241,0.012079327,0.024260791,0.67635286,0.018950196,0.12559402,0.02056286
Women's ApparelCollection ,Not Dark Pattern,0.7607196,0.034677777,0.020383807,0.01952341,0.036659855,0.018303363,0.015016394,0.7607196,0.02794929,0.045204706,0.021561846
" Your company account is blocked and you cannot place orders. If you have questions, please contact your company administrator. ",Not Dark Pattern,0.45676804,0.12723,0.026044603,0.05033981,0.10939486,0.029491046,0.04134544,0.45676804,0.04059836,0.04322597,0.075561866
"You may cancel your JustFab VIP Membership at any time. There is absolutely no cancellation fee. If you would like to continue receiving selections, then just skip the month by clicking Skip This Month in your Boutique between the 1st and the 5th of the month. You won't be charged and no member credit will be generated for you. If you no longer want to skip the month, then call our Fashion Consultants on 020 36953830 (local rate) Mon-Fri 8:00AM to 8:00PM and Sat-Sun 10:00AM to 6:00PM or cancel your membership via chat.",Trick Questions,0.31402496,0.038418528,0.085198805,0.05344339,0.05558848,0.09912366,0.036773533,0.09189756,0.16710255,0.058428504,0.31402496
 Watches & Accessories ,Not Dark Pattern,0.6919814,0.035030548,0.030489225,0.0315441,0.041184466,0.021118764,0.01933021,0.6919814,0.06462812,0.038498946,0.026194235
 ÈüìÂúãÈ¶ôÊ∞õ Cosmic Mansion ,Not Dark Pattern,0.72000164,0.037250057,0.03223357,0.029663736,0.043932542,0.026391136,0.014752461,0.72000164,0.03809881,0.036586672,0.021089474
 V-neck Casual Loose Embroidered Short Sleeve Blouse ,Not Dark Pattern,0.6959754,0.03784982,0.034116816,0.03541123,0.031726655,0.025792593,0.023072785,0.6959754,0.02235226,0.06396234,0.029740108
‚Ä¢ Recommended to be used with Downy for better long lasting freshness ,Not Dark Pattern,0.65543413,0.020499367,0.036966696,0.026683142,0.027081715,0.017986894,0.012719696,0.65543413,0.1346188,0.03714539,0.030864084
 Low Maintenance Plants ,Not Dark Pattern,0.67273074,0.024574855,0.040931325,0.035559323,0.046414126,0.02172776,0.03567628,0.67273074,0.038355157,0.052564457,0.031465966
 Choosing the Best Plus Size Briefs ,Not Dark Pattern,0.7045511,0.023384755,0.02703339,0.027023843,0.031827286,0.03264961,0.012659473,0.7045511,0.05339994,0.071992174,0.015478417
 Gift Card FAQs ,Not Dark Pattern,0.6629911,0.017206606,0.056812197,0.02991172,0.036270842,0.0145990215,0.012327164,0.6629911,0.07369738,0.049623452,0.046560448
"Metal - Brass , hollow from inside¬†",Not Dark Pattern,0.71476257,0.024376296,0.056727942,0.014757149,0.049216468,0.020380178,0.016505599,0.71476257,0.038460094,0.030816494,0.03399716
 Home / Black Tapered Belted Cigarette Trousers - Myasia ,Not Dark Pattern,0.6522078,0.06551021,0.030192163,0.03403972,0.031038325,0.02251016,0.025892653,0.6522078,0.03453076,0.07850287,0.025575295
 Fashion Floral Short Sleeve Dress ,Not Dark Pattern,0.69591373,0.027680123,0.031506293,0.035909027,0.033730697,0.016741581,0.026587658,0.69591373,0.018263817,0.0832198,0.030447321
 Add to Cart ,Activity Notifications,0.3993989,0.3993989,0.037437238,0.028357161,0.039086085,0.0113543365,0.01601322,0.08616338,0.18658173,0.038775727,0.15683213
"If you wish to cancel a membership, please contact our Customer Services Department on UK: +44 808 164 8264 (standard local call charges will apply) or via email on customer.service@beautypie.com. You can also contact the Customer Services Department by post at: Beauty Pie Limited, Customer Service Department, The Point, 210 New Kings Road, London SW6 5NZ, United Kingdom. Please quote your order number in all correspondence.",Trick Questions,0.17700951,0.056393467,0.10387876,0.118177,0.07191842,0.0768983,0.101226486,0.11281448,0.11365831,0.06802527,0.17700951
 Charity Collection ,Not Dark Pattern,0.7088995,0.041386135,0.031577326,0.024412364,0.0543051,0.012815973,0.016636847,0.7088995,0.035260964,0.046332818,0.028372966
 Email Address ,Not Dark Pattern,0.6835261,0.05707094,0.025918234,0.05293203,0.029435234,0.009637507,0.02480665,0.6835261,0.017578382,0.03264693,0.06644798
 Sale By Category ,Not Dark Pattern,0.6382898,0.029449737,0.03253072,0.03172924,0.08522447,0.0357781,0.014854371,0.6382898,0.059318133,0.044309504,0.028515816
" To enable notifications, click 'Allow' when prompted. ",Not Dark Pattern,0.56027126,0.022990141,0.0313683,0.02709327,0.038974732,0.008274589,0.023318624,0.56027126,0.02971401,0.025306553,0.23268853
 View All Shoes ,Not Dark Pattern,0.7363909,0.017014366,0.02954548,0.026442748,0.024497556,0.01097395,0.026499808,0.7363909,0.027961288,0.08044767,0.020226303
 Add to Wish List Add to Compare ,Not Dark Pattern,0.46268365,0.055892378,0.05452723,0.025186604,0.024819242,0.02236064,0.017503975,0.46268365,0.23207523,0.06895963,0.035991456
 Men's Apparel Collection ,Not Dark Pattern,0.74203455,0.03248662,0.026024466,0.020143503,0.035847258,0.020514356,0.015967537,0.74203455,0.036473025,0.048954565,0.02155414
Coin Necklace ,Not Dark Pattern,0.5932494,0.08784862,0.046740416,0.035220534,0.060316347,0.025094796,0.02305731,0.5932494,0.03504419,0.0547186,0.03870974
 WANNA COLLAB? ,Confirmshaming,0.49935877,0.05449366,0.49935877,0.038187996,0.062717706,0.028610406,0.029197972,0.15161468,0.040169075,0.04884318,0.046806537
 adidas Originals Stan Smith ,Not Dark Pattern,0.716586,0.024373218,0.030700423,0.024514947,0.020931702,0.013341182,0.019964034,0.716586,0.038594566,0.090389535,0.020604411
 Track your order by entering your order number and email below or if you would like to create an account or log in (click here) ,Not Dark Pattern,0.627798,0.054053985,0.025365628,0.043945193,0.051230583,0.012469284,0.013500373,0.627798,0.041507203,0.037016988,0.09311269
Crystal Lotus Sriyantras ,Not Dark Pattern,0.7927694,0.03396121,0.029959874,0.020285219,0.02618324,0.014012607,0.018492833,0.7927694,0.01518933,0.032933917,0.016212428
 Air Purifying Plants ,Not Dark Pattern,0.61804926,0.035880696,0.042544626,0.043042738,0.050307535,0.034029726,0.040737864,0.61804926,0.046386354,0.056232203,0.032788984
 Redeem Gift Certificates ,Not Dark Pattern,0.5019058,0.017635757,0.08104166,0.034541994,0.048299696,0.018555285,0.016462838,0.5019058,0.13185489,0.061389912,0.08831217
New In ,Not Dark Pattern,0.7183718,0.03702849,0.030850494,0.0224858,0.03677439,0.010931748,0.016765177,0.7183718,0.030169826,0.06624005,0.030382138
 Added to Favorites ,Not Dark Pattern,0.31450203,0.19372082,0.036323324,0.023643242,0.022462968,0.014091144,0.025432577,0.31450203,0.18068236,0.10925896,0.07988267
 Show Password ,Not Dark Pattern,0.6336692,0.011479514,0.048486102,0.024360063,0.040527377,0.009906337,0.027479474,0.6336692,0.023136197,0.05227052,0.12868522
 Motocross Boots ,Not Dark Pattern,0.7099636,0.020575333,0.028486993,0.03452607,0.025158042,0.012710895,0.034463294,0.7099636,0.044051167,0.06126215,0.02880237
 PG Picks: Skin Care for Incontinence ,Not Dark Pattern,0.70697725,0.018923381,0.03653406,0.0348243,0.036955755,0.020617515,0.014993901,0.70697725,0.069380045,0.03903344,0.021760384
 Select shake flavor: ,Not Dark Pattern,0.5354513,0.12792127,0.051012892,0.04253175,0.04679312,0.019153142,0.028777879,0.5354513,0.029993422,0.055230014,0.063135214
 Coloured Pencils ,Not Dark Pattern,0.79691434,0.019173026,0.026038762,0.01976283,0.035778116,0.017173389,0.02038808,0.79691434,0.02315131,0.023156598,0.018463563
 Search Close ,Not Dark Pattern,0.66905975,0.036805656,0.030475091,0.03655215,0.046074692,0.0244331,0.031394877,0.66905975,0.023343198,0.06343783,0.03842356
You may cancel your VIP membership at any time by calling 1-866-337-0906 (open 24/7).,Pressured Selling,0.3555884,0.038507354,0.07314715,0.052761715,0.032310814,0.049754955,0.036042072,0.08104256,0.3555884,0.069424056,0.21142092
 Exclusive offers & discounts for club members via email ,Not Dark Pattern,0.37759215,0.027023615,0.09260184,0.053730983,0.06677466,0.035272907,0.01685526,0.37759215,0.092106424,0.07494168,0.1631005
 Kyanite Beads ,Not Dark Pattern,0.693254,0.07723131,0.03622555,0.027622174,0.03871996,0.019084996,0.029850503,0.693254,0.02225383,0.033366524,0.022391193
 OH SHIP! Looks like that page wasn't found ,Not Dark Pattern,0.7301727,0.03986385,0.021583224,0.038215656,0.032793023,0.020010518,0.028520834,0.7301727,0.020354124,0.039016683,0.029469432
 Related Categories ,Not Dark Pattern,0.8567844,0.00893004,0.020268658,0.010005796,0.020773882,0.009085974,0.009431344,0.8567844,0.021945542,0.031127252,0.011647211
 First to know about upcoming tastings & events ,Not Dark Pattern,0.6999075,0.037921548,0.015301576,0.028898338,0.037171315,0.021680772,0.01628512,0.6999075,0.030326167,0.08734271,0.025165023
 Crystal Beads ,Not Dark Pattern,0.78625685,0.03817449,0.03192079,0.01936745,0.026605397,0.014677875,0.020353215,0.78625685,0.014193104,0.031324502,0.01712635
" Brilliant! Chose what I wanted, and came a week later. Very happy with my purchase ",Not Dark Pattern,0.622664,0.061450697,0.028367152,0.028392721,0.0358222,0.020642247,0.0081336405,0.622664,0.06907004,0.09862381,0.026833568
Anniversary Gifts ,Not Dark Pattern,0.7496313,0.014908638,0.043573976,0.021431597,0.032563817,0.017581636,0.01177471,0.7496313,0.050306845,0.04448507,0.013742451
 Cosmic Rainbow ,Not Dark Pattern,0.7974488,0.017438106,0.026134854,0.027079418,0.026710546,0.014314898,0.011173462,0.7974488,0.0257342,0.03939535,0.014570405
 View In Your Room ,Activity Notifications,0.4466171,0.4466171,0.04142724,0.051321745,0.04000919,0.038081747,0.032749124,0.17453705,0.0433765,0.09290013,0.038980164
 Contact Support ,Not Dark Pattern,0.7476607,0.05481811,0.020086747,0.03088791,0.029595774,0.010874773,0.01670925,0.7476607,0.026041226,0.028224804,0.035100624
 All Clothing ,Not Dark Pattern,0.7828498,0.014772749,0.02376554,0.02008515,0.035263732,0.016416185,0.015014511,0.7828498,0.03334371,0.0427546,0.01573406
 Tights ,Not Dark Pattern,0.7758848,0.012652685,0.02537936,0.02816061,0.02929912,0.01550284,0.02159166,0.7758848,0.025644794,0.044163894,0.021720303
 Read More ,Not Dark Pattern,0.7805545,0.023969987,0.025040565,0.01993725,0.027643312,0.007633839,0.016514212,0.7805545,0.018801834,0.05039046,0.029514097
 ÊâãÈå∂ / Watches ,Not Dark Pattern,0.7336652,0.035196085,0.033275712,0.03613056,0.04478917,0.022144003,0.01978345,0.7336652,0.02115252,0.02857847,0.025284776
 Data Processor Privacy Policy: https://www.appnexus.com/corporate-privacy-policy ,Not Dark Pattern,0.76887864,0.026106287,0.023894938,0.030061215,0.029225674,0.0074404487,0.011906246,0.76887864,0.025338657,0.04959468,0.027553303
 Maker Faire News ,Not Dark Pattern,0.80142885,0.01519666,0.011391312,0.012200976,0.027555779,0.015123517,0.009733512,0.80142885,0.029471204,0.06500693,0.012891224
"‚óäAfter 1 year, subscription auto renews with fee. Review your iFit¬Æ Coach account on a computer, tablet, smartphone, or equipment console.",Trick Questions,0.2986532,0.03204666,0.0781508,0.057399202,0.08048606,0.13584585,0.032621153,0.08296443,0.15311523,0.048717298,0.2986532
 Sweats ,Not Dark Pattern,0.8204763,0.0076627843,0.022656798,0.022034599,0.02947684,0.009647946,0.015058287,0.8204763,0.024568826,0.027774995,0.020642681
 No reviews yet Write a review ,Not Dark Pattern,0.7799147,0.018198969,0.026825426,0.016986445,0.023774136,0.009315899,0.018343793,0.7799147,0.017715124,0.07593118,0.012994338
 Excellent service all round ,Not Dark Pattern,0.68999296,0.027977852,0.015802154,0.026052475,0.035688598,0.008407013,0.008260154,0.68999296,0.03887977,0.13441288,0.014526113
 to read up about,Not Dark Pattern,0.8294015,0.015158384,0.0136276055,0.009187583,0.02401861,0.007458913,0.0076738703,0.8294015,0.014064986,0.06078123,0.018627314
 Rs INR ,Not Dark Pattern,0.610307,0.048681967,0.051001128,0.049557332,0.03548854,0.020577686,0.03656518,0.610307,0.035838015,0.08408616,0.027897038
 Soft Toys ,Not Dark Pattern,0.7935548,0.014754839,0.031224566,0.019377453,0.03703409,0.015132981,0.015178047,0.7935548,0.031987265,0.023009036,0.018746953
" -- Preeti Shenoy, author of THE RULE BREAKERS",Not Dark Pattern,0.66925514,0.01162752,0.033923212,0.08838,0.042458795,0.011946365,0.011704593,0.66925514,0.0214016,0.08801529,0.02128748
 Outdoor Recreation ,Not Dark Pattern,0.82133067,0.010090051,0.012691868,0.015619717,0.026678642,0.010363761,0.013014432,0.82133067,0.018373443,0.05266682,0.019170616
 Glows In The Dark ,Not Dark Pattern,0.79000914,0.018671734,0.026674075,0.023866199,0.03058206,0.015638188,0.01272413,0.79000914,0.026293272,0.036330663,0.019210463
 My Project Lists ,Not Dark Pattern,0.660941,0.021837605,0.02673486,0.02154055,0.02383783,0.015166895,0.014955896,0.660941,0.10513281,0.06996067,0.03989188
 Sign In / Join ,Not Dark Pattern,0.53977364,0.032033227,0.05158266,0.0253604,0.028129201,0.010243884,0.01986391,0.53977364,0.039616067,0.048963584,0.20443349
 Item added to cart. View cart and check out. Close ,Pressured Selling,0.20331144,0.15689048,0.049155958,0.075817704,0.09571526,0.036414687,0.042500254,0.10893061,0.20331144,0.05986713,0.17139643
 V-neck Casual Loose Vintage Print Short Sleeve T-shirt ,Not Dark Pattern,0.7314923,0.029920116,0.031907387,0.027697874,0.035040576,0.030174993,0.01944294,0.7314923,0.025028063,0.04612753,0.023168173
 Year of Ours ,Not Dark Pattern,0.6299565,0.027710697,0.03356461,0.02296148,0.043621164,0.025507081,0.015584815,0.6299565,0.059349917,0.11379633,0.027947385
 Circa Punches ,Not Dark Pattern,0.7579467,0.020167876,0.026329694,0.025510563,0.030151624,0.00874912,0.016932689,0.7579467,0.021364845,0.06781205,0.025034841
 PopGrip Antimicrobial Refine by Product Type: PopGrip Antimicrobial ,Not Dark Pattern,0.7222357,0.0145129105,0.032024052,0.03371675,0.026929626,0.01003985,0.022863345,0.7222357,0.063141845,0.03158175,0.04295416
 End Tables,Not Dark Pattern,0.20923576,0.04887565,0.088022776,0.09814927,0.06966529,0.05672173,0.15374565,0.20923576,0.058062542,0.10176229,0.11575904
 All Brands A-Z ,Not Dark Pattern,0.7896909,0.013993395,0.019902553,0.009001771,0.014074331,0.009126062,0.012035952,0.7896909,0.045140654,0.07568788,0.011346508
 Round Neck Casual Loose Patchwork Printed Short Sleeve Blouse ,Not Dark Pattern,0.73024887,0.032285612,0.03118255,0.030738497,0.029307839,0.023996513,0.020932682,0.73024887,0.019185064,0.054447263,0.02767519
 PAVILION LONG SLEEVE SHIRT DRESS Cornflower Stripe ,Not Dark Pattern,0.7150536,0.026586955,0.026614923,0.036853503,0.026762318,0.018414581,0.022311296,0.7150536,0.019171627,0.078653775,0.029577326
"ONLY $1.99 FOR YOUR FIRST SIX MONTHS, THEN EACH YEAR YOUR MEMBERSHIP WILL AUTOMATICALLY RENEW FOR $39.99 AND BE CHARGED TO YOUR CREDIT/DEBIT CARD ON FILE. CANCEL YOUR VIP MEMBERSHIP ANY TIME TO RECEIVE A PRORATED REFUND BY CALLING (800) 543-7309. BY SUBMITTING YOUR ORDER, YOU AGREE TO THESE VIP MEMBERSHIP TERMS.",Pressured Selling,0.3864933,0.04174912,0.0873485,0.067991465,0.026737686,0.055929665,0.025175486,0.09694992,0.3864933,0.0718624,0.13976252
Aromatherapy¬†,Not Dark Pattern,0.75986147,0.016531922,0.03429321,0.021846745,0.03847595,0.014080878,0.012258999,0.75986147,0.040423673,0.038347635,0.02387952
You may cancel your membership at any time by calling us at at 855-861-2573 (6:00AM ‚Äì 5:00PM PST) or by emailing support@luckytacklebox.com. California residents may also cancel your subscription by accessing your Account through the Site.,Trick Questions,0.37357846,0.039274596,0.085219674,0.042355377,0.05443192,0.092071846,0.035298638,0.08668508,0.13970225,0.05138207,0.37357846
"Prior to the automatic renewal and billing, we will notify you in advance (via the email you used at the time of enrollment) of (i) the pending renewal, (ii) the then current fees and charges applicable to the Passport Program, and (iii) where you may find more information about the Passport Program. We will also send you an additional email confirming your renewal. Should you elect not to renew your Membership, you may cancel at any time prior to the renewal by emailing us at passportmembership@1800flowers.com and your credit/debit card on file with us will not be charged. A confirmation email will be sent to you.",Trick Questions,0.32165733,0.030049458,0.07803455,0.057245664,0.047876656,0.11509954,0.02904905,0.14538479,0.13411604,0.041486844,0.32165733
 Screws & Other Fixings ,Not Dark Pattern,0.77300537,0.0121983485,0.036613714,0.02064317,0.026720459,0.013635314,0.022057023,0.77300537,0.057263557,0.022510095,0.015352951
 Teething Remedies ,Not Dark Pattern,0.8710426,0.012023746,0.019781578,0.014995923,0.027994392,0.0052239727,0.010266933,0.8710426,0.014268778,0.013572199,0.010829905
 Moonstone Beads ,Not Dark Pattern,0.6986592,0.06835542,0.035805322,0.025639774,0.039914783,0.019292355,0.028789707,0.6986592,0.022368804,0.03893819,0.022236452
 Printed Long Sleeves Casual Blouse For Women ,Not Dark Pattern,0.71929675,0.030115241,0.031755593,0.03031762,0.028923614,0.02776003,0.026396502,0.71929675,0.022304183,0.055757534,0.027372872
 info@chainedandable.com ,Not Dark Pattern,0.5076686,0.19564016,0.0334611,0.035576995,0.040869117,0.021702075,0.021399712,0.5076686,0.025317289,0.056599874,0.061765
 Worldwide ,Not Dark Pattern,0.37374648,0.29603675,0.01794496,0.029992346,0.038688727,0.028534986,0.012456011,0.37374648,0.02926579,0.14894955,0.02438444
 Terms of Use Privacy Policy Do Not Sell My Personal Information Request My Personal Information ,Not Dark Pattern,0.6763415,0.03512502,0.028968299,0.03459064,0.038126376,0.0073298425,0.018311579,0.6763415,0.025444934,0.061274108,0.07448776
 Summer V Neck Solid Color Short Sleeve Waffle T-Shirt ,Not Dark Pattern,0.7282642,0.030545589,0.03285715,0.02727351,0.032833774,0.032372814,0.01992388,0.7282642,0.025838709,0.047619566,0.022470806
 Intercoastal Performance Pant - True Navy ,Not Dark Pattern,0.6099125,0.043858465,0.03642599,0.039727353,0.038029082,0.03219799,0.02353704,0.6099125,0.056388978,0.09389918,0.026023401
"CANCELLATION POLICY: If you are not completely satisfied with Yogi Surprise, you can cancel your membership and discontinue your monthly payments at any time. In order to cancel before you are renewed for the next shipment, you need to contact Yogi Surprise prior to the renewal date on the 14th of each month. Email: support@yogisurprise.com and we‚Äôll respond promptly. If your membership has already renewed and you‚Äôd like to cancel an upcoming shipment, you must request cancellation by the 3rd of the month to be eligible for a refund. IF YOU DO NOT CANCEL PRIOR TO THE THIRD DAY OF A CALENDAR MONTH, YOU CANNOT BE REFUNDED FOR THAT MONTH‚ÄôS SHIPMENT. WE DO NOT OFFER REFUNDS ON BOXES THAT HAVE ALREADY BEEN SHIPPED. To request cancellation, simply click here and submit the contact form or email us: support@yogisurprise.com. We‚Äôll get back to promptly!",Trick Questions,0.31164217,0.031330157,0.08880219,0.043775473,0.08069267,0.06672059,0.028476132,0.12950037,0.17389397,0.045166295,0.31164217
 Chair Accessories ,Not Dark Pattern,0.575773,0.03468149,0.036668126,0.026119491,0.031864055,0.028348817,0.023858333,0.575773,0.17825252,0.038905106,0.02552907
 Brushes ,Not Dark Pattern,0.66996676,0.036146715,0.050635904,0.03077685,0.038046096,0.02261912,0.027361602,0.66996676,0.05779276,0.028991058,0.037663158
 Need Help Finding The Right Product? ,Not Dark Pattern,0.40059742,0.08810694,0.059542727,0.039005924,0.06661242,0.027482806,0.040659152,0.40059742,0.17275569,0.06277346,0.04246348
 Optimized Patch System ,Not Dark Pattern,0.56494355,0.009917583,0.04562595,0.023815311,0.03254021,0.0245397,0.014908251,0.56494355,0.21300563,0.045881756,0.024822071
 Tracksuit,Not Dark Pattern,0.78310585,0.010695318,0.026044408,0.022432111,0.026507538,0.014549426,0.017668543,0.78310585,0.034947407,0.0408496,0.023199793
"There is no commitment and no minimum to buy. Please note exact shipment times may vary. To customize this program or future shipments, call customer service anytime at 1-800-THICKEN (844-2536).",Low-stock Messages,0.19933783,0.03437762,0.06563003,0.10430714,0.16866559,0.1631756,0.19933783,0.10364592,0.058940798,0.053875763,0.048043657
 Riding Culture Neue Lifestyle-Marke bei motoin ,Not Dark Pattern,0.7270469,0.021819828,0.018602666,0.02302987,0.031789932,0.0095565915,0.013035836,0.7270469,0.0601266,0.059601694,0.035390083
 Sign in & make your visit all about you ,Not Dark Pattern,0.44073352,0.05826222,0.051513027,0.029992072,0.031053483,0.015491694,0.025784144,0.44073352,0.04487401,0.06335707,0.23893872
"There's no obligation to buy as an Xtra VIP Member, nor is there any minimum number of months or commitment for membership. You can shop or ‚ÄòSkip‚Äô by the 5th of each month, and you can cancel your membership at any time by calling (855) SAVAGEX (open 24/7).",Trick Questions,0.21171105,0.041611552,0.11823918,0.07453853,0.052565705,0.080936305,0.035859227,0.14369866,0.18041073,0.06042912,0.21171105
 Coffee ,Not Dark Pattern,0.6480731,0.06074053,0.030445974,0.05214378,0.04288884,0.01872467,0.019547472,0.6480731,0.033928163,0.060168162,0.033339318
 Gold Refine by Color: Gold ,Not Dark Pattern,0.8012766,0.017059134,0.024783516,0.0233575,0.042770397,0.012782944,0.01236565,0.8012766,0.027932808,0.022888409,0.014783086
 Cayman Islands USD,Not Dark Pattern,0.35037887,0.1382472,0.08071892,0.04784472,0.04822881,0.061265893,0.0330385,0.35037887,0.11347533,0.05543187,0.0713699
 powered by: Cookie Information ,Not Dark Pattern,0.6883805,0.040034745,0.040995166,0.031751666,0.035181273,0.0071294,0.015858896,0.6883805,0.022528378,0.07262479,0.04551522
 Explore more styles from this printspiration ,Not Dark Pattern,0.856317,0.011853003,0.017558033,0.01110181,0.023806246,0.016229194,0.008527308,0.856317,0.01861151,0.022073522,0.013922379
"How do I cancel my membership? We are confident you will enjoy your Premium Membership. If for any reason you are not completely satisfied within the first 30 days of your paid Annual Membership, we will refund 100% of your membership fee no questions asked. After 30 days we will refund your membership fee on a pro-rated basis. There are no refunds on Monthly Memberships. To obtain a refund, please contact us at 1-855-253-0822 or by email at wwgoasubscription@program-director.net.",Trick Questions,0.25175223,0.03481836,0.116471976,0.065881096,0.061885595,0.10593147,0.027524278,0.10254427,0.18458581,0.048604924,0.25175223
Merchandise: $69.99iService Charge: $14.99 Total Before Tax: $84.98 Estimated Tax:$5.63Order Total: $90.61,Pressured Selling,0.29514065,0.052376244,0.09018563,0.08147709,0.037318587,0.13374533,0.020618575,0.18843572,0.29514065,0.041671123,0.059030995
 Shop Optics > ,Not Dark Pattern,0.73496217,0.02417119,0.022950822,0.018256607,0.03523455,0.021910755,0.012915518,0.73496217,0.06462613,0.03909561,0.025876675
" Mystic Topaz: Rings, Earrings, Necklaces and Bracelets ",Not Dark Pattern,0.6487311,0.061881576,0.039884783,0.034403186,0.057067327,0.025888275,0.022775127,0.6487311,0.028416919,0.052046075,0.028905643
 New Arrivals,Not Dark Pattern,0.70351005,0.03389984,0.025657648,0.020880992,0.034936253,0.012574621,0.019376874,0.70351005,0.04148692,0.08069814,0.026978688
 Cooling & Air Treatment ,Not Dark Pattern,0.76944774,0.011564876,0.026860384,0.02090738,0.039132107,0.012735754,0.015159833,0.76944774,0.048317406,0.03146925,0.024405204
 Sprouting ,Not Dark Pattern,0.794729,0.024961116,0.019515222,0.02346306,0.03811527,0.006537,0.015418452,0.794729,0.01767258,0.040584415,0.01900378
 PHX Mercury ,Not Dark Pattern,0.7354956,0.03160452,0.028438699,0.026050199,0.049095295,0.012386586,0.020163517,0.7354956,0.02571057,0.044754207,0.026300812
 Our Story ,Not Dark Pattern,0.51188695,0.023401354,0.028769631,0.021628708,0.026860313,0.0068886317,0.019927071,0.51188695,0.024480574,0.30261472,0.03354204
